model,seed,split,origin,y_true,probability
Training frequency,-1,validation,2017-01-02 00:00:00+00:00,0,0.23621103117505995
Training frequency,-1,validation,2017-01-09 00:00:00+00:00,0,0.23621103117505995
Training frequency,-1,validation,2017-01-16 00:00:00+00:00,0,0.23621103117505995
Training frequency,-1,validation,2017-01-23 00:00:00+00:00,0,0.23621103117505995
Training frequency,-1,validation,2017-01-30 00:00:00+00:00,1,0.23621103117505995
Training frequency,-1,validation,2017-02-06 00:00:00+00:00,0,0.23621103117505995
Training frequency,-1,validation,2017-02-13 00:00:00+00:00,1,0.23621103117505995
Training frequency,-1,validation,2017-02-20 00:00:00+00:00,1,0.23621103117505995
Training frequency,-1,validation,2017-02-27 00:00:00+00:00,0,0.23621103117505995
Training frequency,-1,validation,2017-03-06 00:00:00+00:00,1,0.23621103117505995
Training frequency,-1,validation,2017-03-13 00:00:00+00:00,1,0.23621103117505995
Training frequency,-1,validation,2017-03-20 00:00:00+00:00,0,0.23621103117505995
Training frequency,-1,validation,2017-03-27 00:00:00+00:00,1,0.23621103117505995
Training frequency,-1,validation,2017-04-03 00:00:00+00:00,0,0.23621103117505995
Training frequency,-1,validation,2017-04-10 00:00:00+00:00,1,0.23621103117505995
Training frequency,-1,validation,2017-04-17 00:00:00+00:00,1,0.23621103117505995
Training frequency,-1,validation,2017-04-24 00:00:00+00:00,1,0.23621103117505995
Training frequency,-1,validation,2017-05-01 00:00:00+00:00,0,0.23621103117505995
Training frequency,-1,validation,2017-05-08 00:00:00+00:00,1,0.23621103117505995
Training frequency,-1,validation,2017-05-15 00:00:00+00:00,0,0.23621103117505995
Training frequency,-1,validation,2017-05-22 00:00:00+00:00,0,0.23621103117505995
Training frequency,-1,validation,2017-05-29 00:00:00+00:00,0,0.23621103117505995
Training frequency,-1,validation,2017-06-05 00:00:00+00:00,0,0.23621103117505995
Training frequency,-1,validation,2017-06-12 00:00:00+00:00,1,0.23621103117505995
Training frequency,-1,validation,2017-06-19 00:00:00+00:00,0,0.23621103117505995
Training frequency,-1,validation,2017-06-26 00:00:00+00:00,1,0.23621103117505995
Training frequency,-1,validation,2017-07-03 00:00:00+00:00,0,0.23621103117505995
Training frequency,-1,validation,2017-07-10 00:00:00+00:00,1,0.23621103117505995
Training frequency,-1,validation,2017-07-17 00:00:00+00:00,0,0.23621103117505995
Training frequency,-1,validation,2017-07-24 00:00:00+00:00,0,0.23621103117505995
Training frequency,-1,validation,2017-07-31 00:00:00+00:00,1,0.23621103117505995
Training frequency,-1,validation,2017-08-07 00:00:00+00:00,1,0.23621103117505995
Training frequency,-1,validation,2017-08-14 00:00:00+00:00,1,0.23621103117505995
Training frequency,-1,validation,2017-08-21 00:00:00+00:00,0,0.23621103117505995
Training frequency,-1,validation,2017-08-28 00:00:00+00:00,0,0.23621103117505995
Training frequency,-1,validation,2017-09-04 00:00:00+00:00,0,0.23621103117505995
Training frequency,-1,validation,2017-09-11 00:00:00+00:00,0,0.23621103117505995
Training frequency,-1,validation,2017-09-18 00:00:00+00:00,1,0.23621103117505995
Training frequency,-1,validation,2017-09-25 00:00:00+00:00,0,0.23621103117505995
Training frequency,-1,validation,2017-10-02 00:00:00+00:00,0,0.23621103117505995
Training frequency,-1,validation,2017-10-09 00:00:00+00:00,0,0.23621103117505995
Training frequency,-1,validation,2017-10-16 00:00:00+00:00,0,0.23621103117505995
Training frequency,-1,validation,2017-10-23 00:00:00+00:00,0,0.23621103117505995
Training frequency,-1,validation,2017-10-30 00:00:00+00:00,0,0.23621103117505995
Training frequency,-1,validation,2017-11-06 00:00:00+00:00,0,0.23621103117505995
Training frequency,-1,validation,2017-11-13 00:00:00+00:00,0,0.23621103117505995
Training frequency,-1,validation,2017-11-20 00:00:00+00:00,0,0.23621103117505995
Training frequency,-1,validation,2017-11-27 00:00:00+00:00,0,0.23621103117505995
Training frequency,-1,validation,2017-12-04 00:00:00+00:00,0,0.23621103117505995
Training frequency,-1,validation,2017-12-11 00:00:00+00:00,0,0.23621103117505995
Training frequency,-1,validation,2017-12-18 00:00:00+00:00,0,0.23621103117505995
Training frequency,-1,validation,2017-12-25 00:00:00+00:00,0,0.23621103117505995
Training frequency,-1,validation,2018-01-01 00:00:00+00:00,0,0.23621103117505995
Training frequency,-1,validation,2018-01-08 00:00:00+00:00,0,0.23621103117505995
Training frequency,-1,validation,2018-01-15 00:00:00+00:00,1,0.23621103117505995
Training frequency,-1,validation,2018-01-22 00:00:00+00:00,0,0.23621103117505995
Training frequency,-1,validation,2018-01-29 00:00:00+00:00,1,0.23621103117505995
Training frequency,-1,validation,2018-02-05 00:00:00+00:00,1,0.23621103117505995
Training frequency,-1,validation,2018-02-12 00:00:00+00:00,0,0.23621103117505995
Training frequency,-1,validation,2018-02-19 00:00:00+00:00,0,0.23621103117505995
Training frequency,-1,validation,2018-02-26 00:00:00+00:00,0,0.23621103117505995
Training frequency,-1,validation,2018-03-05 00:00:00+00:00,0,0.23621103117505995
Training frequency,-1,validation,2018-03-12 00:00:00+00:00,0,0.23621103117505995
Training frequency,-1,validation,2018-03-19 00:00:00+00:00,1,0.23621103117505995
Training frequency,-1,validation,2018-03-26 00:00:00+00:00,0,0.23621103117505995
Training frequency,-1,validation,2018-04-02 00:00:00+00:00,0,0.23621103117505995
Training frequency,-1,validation,2018-04-09 00:00:00+00:00,1,0.23621103117505995
Training frequency,-1,validation,2018-04-16 00:00:00+00:00,0,0.23621103117505995
Training frequency,-1,validation,2018-04-23 00:00:00+00:00,0,0.23621103117505995
Training frequency,-1,validation,2018-04-30 00:00:00+00:00,0,0.23621103117505995
Training frequency,-1,validation,2018-05-07 00:00:00+00:00,0,0.23621103117505995
Training frequency,-1,validation,2018-05-14 00:00:00+00:00,0,0.23621103117505995
Training frequency,-1,validation,2018-05-21 00:00:00+00:00,0,0.23621103117505995
Training frequency,-1,validation,2018-05-28 00:00:00+00:00,0,0.23621103117505995
Training frequency,-1,validation,2018-06-04 00:00:00+00:00,0,0.23621103117505995
Training frequency,-1,validation,2018-06-11 00:00:00+00:00,0,0.23621103117505995
Training frequency,-1,validation,2018-06-18 00:00:00+00:00,0,0.23621103117505995
Training frequency,-1,validation,2018-06-25 00:00:00+00:00,0,0.23621103117505995
Training frequency,-1,validation,2018-07-02 00:00:00+00:00,0,0.23621103117505995
Training frequency,-1,validation,2018-07-09 00:00:00+00:00,0,0.23621103117505995
Training frequency,-1,validation,2018-07-16 00:00:00+00:00,0,0.23621103117505995
Training frequency,-1,validation,2018-07-23 00:00:00+00:00,0,0.23621103117505995
Training frequency,-1,validation,2018-07-30 00:00:00+00:00,0,0.23621103117505995
Training frequency,-1,validation,2018-08-06 00:00:00+00:00,0,0.23621103117505995
Training frequency,-1,validation,2018-08-13 00:00:00+00:00,0,0.23621103117505995
Training frequency,-1,validation,2018-08-20 00:00:00+00:00,0,0.23621103117505995
Training frequency,-1,validation,2018-08-27 00:00:00+00:00,1,0.23621103117505995
Training frequency,-1,validation,2018-09-03 00:00:00+00:00,1,0.23621103117505995
Training frequency,-1,validation,2018-09-10 00:00:00+00:00,1,0.23621103117505995
Training frequency,-1,validation,2018-09-17 00:00:00+00:00,0,0.23621103117505995
Training frequency,-1,validation,2018-09-24 00:00:00+00:00,0,0.23621103117505995
Training frequency,-1,validation,2018-10-01 00:00:00+00:00,0,0.23621103117505995
Training frequency,-1,validation,2018-10-08 00:00:00+00:00,0,0.23621103117505995
Training frequency,-1,validation,2018-10-15 00:00:00+00:00,0,0.23621103117505995
Training frequency,-1,validation,2018-10-22 00:00:00+00:00,0,0.23621103117505995
Training frequency,-1,validation,2018-10-29 00:00:00+00:00,0,0.23621103117505995
Training frequency,-1,validation,2018-11-05 00:00:00+00:00,1,0.23621103117505995
Training frequency,-1,validation,2018-11-12 00:00:00+00:00,0,0.23621103117505995
Training frequency,-1,validation,2018-11-19 00:00:00+00:00,0,0.23621103117505995
Training frequency,-1,validation,2018-11-26 00:00:00+00:00,1,0.23621103117505995
Training frequency,-1,validation,2018-12-03 00:00:00+00:00,1,0.23621103117505995
Training frequency,-1,validation,2018-12-10 00:00:00+00:00,0,0.23621103117505995
Training frequency,-1,validation,2018-12-17 00:00:00+00:00,0,0.23621103117505995
Training frequency,-1,validation,2018-12-24 00:00:00+00:00,0,0.23621103117505995
Training frequency,-1,validation,2018-12-31 00:00:00+00:00,1,0.23621103117505995
Training frequency,-1,validation,2019-01-07 00:00:00+00:00,0,0.23621103117505995
Training frequency,-1,validation,2019-01-14 00:00:00+00:00,1,0.23621103117505995
Training frequency,-1,validation,2019-01-21 00:00:00+00:00,1,0.23621103117505995
Training frequency,-1,validation,2019-01-28 00:00:00+00:00,0,0.23621103117505995
Training frequency,-1,validation,2019-02-04 00:00:00+00:00,0,0.23621103117505995
Training frequency,-1,validation,2019-02-11 00:00:00+00:00,0,0.23621103117505995
Training frequency,-1,validation,2019-02-18 00:00:00+00:00,0,0.23621103117505995
Training frequency,-1,validation,2019-02-25 00:00:00+00:00,1,0.23621103117505995
Training frequency,-1,validation,2019-03-04 00:00:00+00:00,1,0.23621103117505995
Training frequency,-1,validation,2019-03-11 00:00:00+00:00,1,0.23621103117505995
Training frequency,-1,validation,2019-03-18 00:00:00+00:00,0,0.23621103117505995
Training frequency,-1,validation,2019-03-25 00:00:00+00:00,0,0.23621103117505995
Training frequency,-1,validation,2019-04-01 00:00:00+00:00,1,0.23621103117505995
Training frequency,-1,validation,2019-04-08 00:00:00+00:00,0,0.23621103117505995
Training frequency,-1,validation,2019-04-15 00:00:00+00:00,1,0.23621103117505995
Training frequency,-1,validation,2019-04-22 00:00:00+00:00,0,0.23621103117505995
Training frequency,-1,validation,2019-04-29 00:00:00+00:00,0,0.23621103117505995
Training frequency,-1,validation,2019-05-06 00:00:00+00:00,0,0.23621103117505995
Training frequency,-1,validation,2019-05-13 00:00:00+00:00,1,0.23621103117505995
Training frequency,-1,validation,2019-05-20 00:00:00+00:00,1,0.23621103117505995
Training frequency,-1,validation,2019-05-27 00:00:00+00:00,0,0.23621103117505995
Training frequency,-1,validation,2019-06-03 00:00:00+00:00,0,0.23621103117505995
Training frequency,-1,validation,2019-06-10 00:00:00+00:00,1,0.23621103117505995
Training frequency,-1,validation,2019-06-17 00:00:00+00:00,0,0.23621103117505995
Training frequency,-1,validation,2019-06-24 00:00:00+00:00,1,0.23621103117505995
Training frequency,-1,validation,2019-07-01 00:00:00+00:00,0,0.23621103117505995
Training frequency,-1,validation,2019-07-08 00:00:00+00:00,0,0.23621103117505995
Training frequency,-1,validation,2019-07-15 00:00:00+00:00,0,0.23621103117505995
Training frequency,-1,validation,2019-07-22 00:00:00+00:00,0,0.23621103117505995
Training frequency,-1,validation,2019-07-29 00:00:00+00:00,0,0.23621103117505995
Training frequency,-1,validation,2019-08-05 00:00:00+00:00,0,0.23621103117505995
Training frequency,-1,validation,2019-08-12 00:00:00+00:00,0,0.23621103117505995
Training frequency,-1,validation,2019-08-19 00:00:00+00:00,0,0.23621103117505995
Training frequency,-1,validation,2019-08-26 00:00:00+00:00,0,0.23621103117505995
Training frequency,-1,validation,2019-09-02 00:00:00+00:00,0,0.23621103117505995
Training frequency,-1,validation,2019-09-09 00:00:00+00:00,0,0.23621103117505995
Training frequency,-1,validation,2019-09-16 00:00:00+00:00,0,0.23621103117505995
Training frequency,-1,validation,2019-09-23 00:00:00+00:00,1,0.23621103117505995
Training frequency,-1,validation,2019-09-30 00:00:00+00:00,0,0.23621103117505995
Training frequency,-1,validation,2019-10-07 00:00:00+00:00,0,0.23621103117505995
Training frequency,-1,validation,2019-10-14 00:00:00+00:00,0,0.23621103117505995
Training frequency,-1,validation,2019-10-21 00:00:00+00:00,0,0.23621103117505995
Training frequency,-1,validation,2019-10-28 00:00:00+00:00,1,0.23621103117505995
Training frequency,-1,validation,2019-11-04 00:00:00+00:00,1,0.23621103117505995
Training frequency,-1,validation,2019-11-11 00:00:00+00:00,0,0.23621103117505995
Training frequency,-1,validation,2019-11-18 00:00:00+00:00,1,0.23621103117505995
Training frequency,-1,validation,2019-11-25 00:00:00+00:00,0,0.23621103117505995
Training frequency,-1,validation,2019-12-02 00:00:00+00:00,0,0.23621103117505995
Training frequency,-1,validation,2019-12-09 00:00:00+00:00,0,0.23621103117505995
Training frequency,-1,validation,2019-12-16 00:00:00+00:00,0,0.23621103117505995
Training frequency,-1,validation,2019-12-23 00:00:00+00:00,0,0.23621103117505995
Training frequency,-1,validation,2019-12-30 00:00:00+00:00,1,0.23621103117505995
Training frequency,-1,validation,2020-01-06 00:00:00+00:00,0,0.23621103117505995
Training frequency,-1,validation,2020-01-13 00:00:00+00:00,0,0.23621103117505995
Training frequency,-1,validation,2020-01-20 00:00:00+00:00,0,0.23621103117505995
Training frequency,-1,validation,2020-01-27 00:00:00+00:00,1,0.23621103117505995
Training frequency,-1,validation,2020-02-03 00:00:00+00:00,0,0.23621103117505995
Training frequency,-1,validation,2020-02-10 00:00:00+00:00,0,0.23621103117505995
Training frequency,-1,validation,2020-02-17 00:00:00+00:00,0,0.23621103117505995
Training frequency,-1,validation,2020-02-24 00:00:00+00:00,0,0.23621103117505995
Training frequency,-1,validation,2020-03-02 00:00:00+00:00,0,0.23621103117505995
Training frequency,-1,validation,2020-03-09 00:00:00+00:00,0,0.23621103117505995
Training frequency,-1,validation,2020-03-16 00:00:00+00:00,0,0.23621103117505995
Training frequency,-1,validation,2020-03-23 00:00:00+00:00,0,0.23621103117505995
Training frequency,-1,validation,2020-03-30 00:00:00+00:00,0,0.23621103117505995
Training frequency,-1,validation,2020-04-06 00:00:00+00:00,0,0.23621103117505995
Training frequency,-1,validation,2020-04-13 00:00:00+00:00,0,0.23621103117505995
Training frequency,-1,validation,2020-04-20 00:00:00+00:00,0,0.23621103117505995
Training frequency,-1,validation,2020-04-27 00:00:00+00:00,0,0.23621103117505995
Training frequency,-1,validation,2020-05-04 00:00:00+00:00,0,0.23621103117505995
Training frequency,-1,validation,2020-05-11 00:00:00+00:00,0,0.23621103117505995
Training frequency,-1,validation,2020-05-18 00:00:00+00:00,1,0.23621103117505995
Training frequency,-1,validation,2020-05-25 00:00:00+00:00,0,0.23621103117505995
Training frequency,-1,validation,2020-06-01 00:00:00+00:00,0,0.23621103117505995
Training frequency,-1,validation,2020-06-08 00:00:00+00:00,0,0.23621103117505995
Training frequency,-1,validation,2020-06-15 00:00:00+00:00,0,0.23621103117505995
Training frequency,-1,validation,2020-06-22 00:00:00+00:00,1,0.23621103117505995
Training frequency,-1,validation,2020-06-29 00:00:00+00:00,0,0.23621103117505995
Training frequency,-1,validation,2020-07-06 00:00:00+00:00,0,0.23621103117505995
Training frequency,-1,validation,2020-07-13 00:00:00+00:00,0,0.23621103117505995
Training frequency,-1,validation,2020-07-20 00:00:00+00:00,0,0.23621103117505995
Training frequency,-1,validation,2020-07-27 00:00:00+00:00,0,0.23621103117505995
Training frequency,-1,validation,2020-08-03 00:00:00+00:00,0,0.23621103117505995
Training frequency,-1,validation,2020-08-10 00:00:00+00:00,0,0.23621103117505995
Training frequency,-1,validation,2020-08-17 00:00:00+00:00,0,0.23621103117505995
Training frequency,-1,validation,2020-08-24 00:00:00+00:00,0,0.23621103117505995
Training frequency,-1,validation,2020-08-31 00:00:00+00:00,1,0.23621103117505995
Training frequency,-1,validation,2020-09-07 00:00:00+00:00,0,0.23621103117505995
Training frequency,-1,validation,2020-09-14 00:00:00+00:00,0,0.23621103117505995
Training frequency,-1,validation,2020-09-21 00:00:00+00:00,0,0.23621103117505995
Training frequency,-1,validation,2020-09-28 00:00:00+00:00,0,0.23621103117505995
Training frequency,-1,validation,2020-10-05 00:00:00+00:00,0,0.23621103117505995
Training frequency,-1,validation,2020-10-12 00:00:00+00:00,0,0.23621103117505995
Training frequency,-1,validation,2020-10-19 00:00:00+00:00,0,0.23621103117505995
Training frequency,-1,validation,2020-10-26 00:00:00+00:00,1,0.23621103117505995
Training frequency,-1,validation,2020-11-02 00:00:00+00:00,0,0.23621103117505995
Training frequency,-1,validation,2020-11-09 00:00:00+00:00,0,0.23621103117505995
Training frequency,-1,validation,2020-11-16 00:00:00+00:00,1,0.23621103117505995
Training frequency,-1,validation,2020-11-23 00:00:00+00:00,0,0.23621103117505995
Training frequency,-1,validation,2020-11-30 00:00:00+00:00,0,0.23621103117505995
Training frequency,-1,validation,2020-12-07 00:00:00+00:00,1,0.23621103117505995
Training frequency,-1,validation,2020-12-14 00:00:00+00:00,0,0.23621103117505995
Training frequency,-1,validation,2020-12-21 00:00:00+00:00,0,0.23621103117505995
Logistic catalogue,-1,validation,2017-01-02 00:00:00+00:00,0,0.2686977982521057
Logistic catalogue,-1,validation,2017-01-09 00:00:00+00:00,0,0.1846773773431778
Logistic catalogue,-1,validation,2017-01-16 00:00:00+00:00,0,0.20466668903827667
Logistic catalogue,-1,validation,2017-01-23 00:00:00+00:00,0,0.20016661286354065
Logistic catalogue,-1,validation,2017-01-30 00:00:00+00:00,1,0.23138102889060974
Logistic catalogue,-1,validation,2017-02-06 00:00:00+00:00,0,0.24690932035446167
Logistic catalogue,-1,validation,2017-02-13 00:00:00+00:00,1,0.2414618283510208
Logistic catalogue,-1,validation,2017-02-20 00:00:00+00:00,1,0.2571702003479004
Logistic catalogue,-1,validation,2017-02-27 00:00:00+00:00,0,0.2278362512588501
Logistic catalogue,-1,validation,2017-03-06 00:00:00+00:00,1,0.21868817508220673
Logistic catalogue,-1,validation,2017-03-13 00:00:00+00:00,1,0.22824722528457642
Logistic catalogue,-1,validation,2017-03-20 00:00:00+00:00,0,0.2145407646894455
Logistic catalogue,-1,validation,2017-03-27 00:00:00+00:00,1,0.2145407646894455
Logistic catalogue,-1,validation,2017-04-03 00:00:00+00:00,0,0.2144300937652588
Logistic catalogue,-1,validation,2017-04-10 00:00:00+00:00,1,0.21470685303211212
Logistic catalogue,-1,validation,2017-04-17 00:00:00+00:00,1,0.2089860439300537
Logistic catalogue,-1,validation,2017-04-24 00:00:00+00:00,1,0.7448309659957886
Logistic catalogue,-1,validation,2017-05-01 00:00:00+00:00,0,0.49339476227760315
Logistic catalogue,-1,validation,2017-05-08 00:00:00+00:00,1,0.4968944489955902
Logistic catalogue,-1,validation,2017-05-15 00:00:00+00:00,0,0.497058629989624
Logistic catalogue,-1,validation,2017-05-22 00:00:00+00:00,0,0.4898449182510376
Logistic catalogue,-1,validation,2017-05-29 00:00:00+00:00,0,0.24257372319698334
Logistic catalogue,-1,validation,2017-06-05 00:00:00+00:00,0,0.21053527295589447
Logistic catalogue,-1,validation,2017-06-12 00:00:00+00:00,1,0.21542774140834808
Logistic catalogue,-1,validation,2017-06-19 00:00:00+00:00,0,0.15409767627716064
Logistic catalogue,-1,validation,2017-06-26 00:00:00+00:00,1,0.22507421672344208
Logistic catalogue,-1,validation,2017-07-03 00:00:00+00:00,0,0.21974240243434906
Logistic catalogue,-1,validation,2017-07-10 00:00:00+00:00,1,0.2245589941740036
Logistic catalogue,-1,validation,2017-07-17 00:00:00+00:00,0,0.2464209794998169
Logistic catalogue,-1,validation,2017-07-24 00:00:00+00:00,0,0.241040900349617
Logistic catalogue,-1,validation,2017-07-31 00:00:00+00:00,1,0.2413415014743805
Logistic catalogue,-1,validation,2017-08-07 00:00:00+00:00,1,0.24361135065555573
Logistic catalogue,-1,validation,2017-08-14 00:00:00+00:00,1,0.24411611258983612
Logistic catalogue,-1,validation,2017-08-21 00:00:00+00:00,0,0.2546740770339966
Logistic catalogue,-1,validation,2017-08-28 00:00:00+00:00,0,0.25473645329475403
Logistic catalogue,-1,validation,2017-09-04 00:00:00+00:00,0,0.22167477011680603
Logistic catalogue,-1,validation,2017-09-11 00:00:00+00:00,0,0.22167477011680603
Logistic catalogue,-1,validation,2017-09-18 00:00:00+00:00,1,0.18871255218982697
Logistic catalogue,-1,validation,2017-09-25 00:00:00+00:00,0,0.2520235776901245
Logistic catalogue,-1,validation,2017-10-02 00:00:00+00:00,0,0.2520235776901245
Logistic catalogue,-1,validation,2017-10-09 00:00:00+00:00,0,0.2520235776901245
Logistic catalogue,-1,validation,2017-10-16 00:00:00+00:00,0,0.20270724594593048
Logistic catalogue,-1,validation,2017-10-23 00:00:00+00:00,0,0.2213318943977356
Logistic catalogue,-1,validation,2017-10-30 00:00:00+00:00,0,0.19217684864997864
Logistic catalogue,-1,validation,2017-11-06 00:00:00+00:00,0,0.19217684864997864
Logistic catalogue,-1,validation,2017-11-13 00:00:00+00:00,0,0.20493419468402863
Logistic catalogue,-1,validation,2017-11-20 00:00:00+00:00,0,0.2003244310617447
Logistic catalogue,-1,validation,2017-11-27 00:00:00+00:00,0,0.1717260777950287
Logistic catalogue,-1,validation,2017-12-04 00:00:00+00:00,0,0.20482715964317322
Logistic catalogue,-1,validation,2017-12-11 00:00:00+00:00,0,0.20310962200164795
Logistic catalogue,-1,validation,2017-12-18 00:00:00+00:00,0,0.20310962200164795
Logistic catalogue,-1,validation,2017-12-25 00:00:00+00:00,0,0.20787496864795685
Logistic catalogue,-1,validation,2018-01-01 00:00:00+00:00,0,0.1949794739484787
Logistic catalogue,-1,validation,2018-01-08 00:00:00+00:00,0,0.1842842847108841
Logistic catalogue,-1,validation,2018-01-15 00:00:00+00:00,1,0.1842842847108841
Logistic catalogue,-1,validation,2018-01-22 00:00:00+00:00,0,0.20099622011184692
Logistic catalogue,-1,validation,2018-01-29 00:00:00+00:00,1,0.2057247906923294
Logistic catalogue,-1,validation,2018-02-05 00:00:00+00:00,1,0.2197255939245224
Logistic catalogue,-1,validation,2018-02-12 00:00:00+00:00,0,0.22954902052879333
Logistic catalogue,-1,validation,2018-02-19 00:00:00+00:00,0,0.2294328361749649
Logistic catalogue,-1,validation,2018-02-26 00:00:00+00:00,0,0.21966929733753204
Logistic catalogue,-1,validation,2018-03-05 00:00:00+00:00,0,0.16586729884147644
Logistic catalogue,-1,validation,2018-03-12 00:00:00+00:00,0,0.1938244104385376
Logistic catalogue,-1,validation,2018-03-19 00:00:00+00:00,1,0.19217684864997864
Logistic catalogue,-1,validation,2018-03-26 00:00:00+00:00,0,0.20202437043190002
Logistic catalogue,-1,validation,2018-04-02 00:00:00+00:00,0,0.1643637865781784
Logistic catalogue,-1,validation,2018-04-09 00:00:00+00:00,1,0.2067708820104599
Logistic catalogue,-1,validation,2018-04-16 00:00:00+00:00,0,0.16129663586616516
Logistic catalogue,-1,validation,2018-04-23 00:00:00+00:00,0,0.23478713631629944
Logistic catalogue,-1,validation,2018-04-30 00:00:00+00:00,0,0.23995192348957062
Logistic catalogue,-1,validation,2018-05-07 00:00:00+00:00,0,0.23971237242221832
Logistic catalogue,-1,validation,2018-05-14 00:00:00+00:00,0,0.2123924046754837
Logistic catalogue,-1,validation,2018-05-21 00:00:00+00:00,0,0.20760464668273926
Logistic catalogue,-1,validation,2018-05-28 00:00:00+00:00,0,0.15279918909072876
Logistic catalogue,-1,validation,2018-06-04 00:00:00+00:00,0,0.19669711589813232
Logistic catalogue,-1,validation,2018-06-11 00:00:00+00:00,0,0.19212587177753448
Logistic catalogue,-1,validation,2018-06-18 00:00:00+00:00,0,0.20016661286354065
Logistic catalogue,-1,validation,2018-06-25 00:00:00+00:00,0,0.19563771784305573
Logistic catalogue,-1,validation,2018-07-02 00:00:00+00:00,0,0.19859027862548828
Logistic catalogue,-1,validation,2018-07-09 00:00:00+00:00,0,0.2288067489862442
Logistic catalogue,-1,validation,2018-07-16 00:00:00+00:00,0,0.2288067489862442
Logistic catalogue,-1,validation,2018-07-23 00:00:00+00:00,0,0.22492320835590363
Logistic catalogue,-1,validation,2018-07-30 00:00:00+00:00,0,0.2156330794095993
Logistic catalogue,-1,validation,2018-08-06 00:00:00+00:00,0,0.19563771784305573
Logistic catalogue,-1,validation,2018-08-13 00:00:00+00:00,0,0.19563771784305573
Logistic catalogue,-1,validation,2018-08-20 00:00:00+00:00,0,0.19563771784305573
Logistic catalogue,-1,validation,2018-08-27 00:00:00+00:00,1,0.19113600254058838
Logistic catalogue,-1,validation,2018-09-03 00:00:00+00:00,1,0.21081800758838654
Logistic catalogue,-1,validation,2018-09-10 00:00:00+00:00,1,0.2683965265750885
Logistic catalogue,-1,validation,2018-09-17 00:00:00+00:00,0,0.2794837951660156
Logistic catalogue,-1,validation,2018-09-24 00:00:00+00:00,0,0.2794837951660156
Logistic catalogue,-1,validation,2018-10-01 00:00:00+00:00,0,0.2632769048213959
Logistic catalogue,-1,validation,2018-10-08 00:00:00+00:00,0,0.15649893879890442
Logistic catalogue,-1,validation,2018-10-15 00:00:00+00:00,0,0.1903880387544632
Logistic catalogue,-1,validation,2018-10-22 00:00:00+00:00,0,0.1903880387544632
Logistic catalogue,-1,validation,2018-10-29 00:00:00+00:00,0,0.19212587177753448
Logistic catalogue,-1,validation,2018-11-05 00:00:00+00:00,1,0.19212587177753448
Logistic catalogue,-1,validation,2018-11-12 00:00:00+00:00,0,0.2009434700012207
Logistic catalogue,-1,validation,2018-11-19 00:00:00+00:00,0,0.2009434700012207
Logistic catalogue,-1,validation,2018-11-26 00:00:00+00:00,1,0.20567113161087036
Logistic catalogue,-1,validation,2018-12-03 00:00:00+00:00,1,0.17616711556911469
Logistic catalogue,-1,validation,2018-12-10 00:00:00+00:00,0,0.26522403955459595
Logistic catalogue,-1,validation,2018-12-17 00:00:00+00:00,0,0.26522403955459595
Logistic catalogue,-1,validation,2018-12-24 00:00:00+00:00,0,0.2541288435459137
Logistic catalogue,-1,validation,2018-12-31 00:00:00+00:00,1,0.2596379518508911
Logistic catalogue,-1,validation,2019-01-07 00:00:00+00:00,0,0.16909188032150269
Logistic catalogue,-1,validation,2019-01-14 00:00:00+00:00,1,0.21229887008666992
Logistic catalogue,-1,validation,2019-01-21 00:00:00+00:00,1,0.7045240998268127
Logistic catalogue,-1,validation,2019-01-28 00:00:00+00:00,0,0.35970956087112427
Logistic catalogue,-1,validation,2019-02-04 00:00:00+00:00,0,0.31173238158226013
Logistic catalogue,-1,validation,2019-02-11 00:00:00+00:00,0,0.25546661019325256
Logistic catalogue,-1,validation,2019-02-18 00:00:00+00:00,0,0.3536902368068695
Logistic catalogue,-1,validation,2019-02-25 00:00:00+00:00,1,0.23470735549926758
Logistic catalogue,-1,validation,2019-03-04 00:00:00+00:00,1,0.27586090564727783
Logistic catalogue,-1,validation,2019-03-11 00:00:00+00:00,1,0.20761752128601074
Logistic catalogue,-1,validation,2019-03-18 00:00:00+00:00,0,0.2072395235300064
Logistic catalogue,-1,validation,2019-03-25 00:00:00+00:00,0,0.2795775532722473
Logistic catalogue,-1,validation,2019-04-01 00:00:00+00:00,1,0.2606601417064667
Logistic catalogue,-1,validation,2019-04-08 00:00:00+00:00,0,0.4315067529678345
Logistic catalogue,-1,validation,2019-04-15 00:00:00+00:00,1,0.25607654452323914
Logistic catalogue,-1,validation,2019-04-22 00:00:00+00:00,0,0.2503090798854828
Logistic catalogue,-1,validation,2019-04-29 00:00:00+00:00,0,0.20040391385555267
Logistic catalogue,-1,validation,2019-05-06 00:00:00+00:00,0,0.2670333683490753
Logistic catalogue,-1,validation,2019-05-13 00:00:00+00:00,1,0.22294990718364716
Logistic catalogue,-1,validation,2019-05-20 00:00:00+00:00,1,0.21336941421031952
Logistic catalogue,-1,validation,2019-05-27 00:00:00+00:00,0,0.2157471925020218
Logistic catalogue,-1,validation,2019-06-03 00:00:00+00:00,0,0.20619487762451172
Logistic catalogue,-1,validation,2019-06-10 00:00:00+00:00,1,0.210904061794281
Logistic catalogue,-1,validation,2019-06-17 00:00:00+00:00,0,0.20384818315505981
Logistic catalogue,-1,validation,2019-06-24 00:00:00+00:00,1,0.28458350896835327
Logistic catalogue,-1,validation,2019-07-01 00:00:00+00:00,0,0.2137623429298401
Logistic catalogue,-1,validation,2019-07-08 00:00:00+00:00,0,0.3025346100330353
Logistic catalogue,-1,validation,2019-07-15 00:00:00+00:00,0,0.22155873477458954
Logistic catalogue,-1,validation,2019-07-22 00:00:00+00:00,0,0.21656544506549835
Logistic catalogue,-1,validation,2019-07-29 00:00:00+00:00,0,0.2109014391899109
Logistic catalogue,-1,validation,2019-08-05 00:00:00+00:00,0,0.19669711589813232
Logistic catalogue,-1,validation,2019-08-12 00:00:00+00:00,0,0.19664521515369415
Logistic catalogue,-1,validation,2019-08-19 00:00:00+00:00,0,0.20011402666568756
Logistic catalogue,-1,validation,2019-08-26 00:00:00+00:00,0,0.2047736495733261
Logistic catalogue,-1,validation,2019-09-02 00:00:00+00:00,0,0.2095133513212204
Logistic catalogue,-1,validation,2019-09-09 00:00:00+00:00,0,0.20482715964317322
Logistic catalogue,-1,validation,2019-09-16 00:00:00+00:00,0,0.2517348527908325
Logistic catalogue,-1,validation,2019-09-23 00:00:00+00:00,1,0.24627670645713806
Logistic catalogue,-1,validation,2019-09-30 00:00:00+00:00,0,0.25132039189338684
Logistic catalogue,-1,validation,2019-10-07 00:00:00+00:00,0,0.25132039189338684
Logistic catalogue,-1,validation,2019-10-14 00:00:00+00:00,0,0.2567268908023834
Logistic catalogue,-1,validation,2019-10-21 00:00:00+00:00,0,0.20936641097068787
Logistic catalogue,-1,validation,2019-10-28 00:00:00+00:00,1,0.1515192836523056
Logistic catalogue,-1,validation,2019-11-04 00:00:00+00:00,1,0.25879186391830444
Logistic catalogue,-1,validation,2019-11-11 00:00:00+00:00,0,0.19971637427806854
Logistic catalogue,-1,validation,2019-11-18 00:00:00+00:00,1,0.24299971759319305
Logistic catalogue,-1,validation,2019-11-25 00:00:00+00:00,0,0.19478267431259155
Logistic catalogue,-1,validation,2019-12-02 00:00:00+00:00,0,0.23725441098213196
Logistic catalogue,-1,validation,2019-12-09 00:00:00+00:00,0,0.20655545592308044
Logistic catalogue,-1,validation,2019-12-16 00:00:00+00:00,0,0.20650161802768707
Logistic catalogue,-1,validation,2019-12-23 00:00:00+00:00,0,0.19832168519496918
Logistic catalogue,-1,validation,2019-12-30 00:00:00+00:00,1,0.1985306739807129
Logistic catalogue,-1,validation,2020-01-06 00:00:00+00:00,0,0.20671699941158295
Logistic catalogue,-1,validation,2020-01-13 00:00:00+00:00,0,0.2068786472082138
Logistic catalogue,-1,validation,2020-01-20 00:00:00+00:00,0,0.2117089331150055
Logistic catalogue,-1,validation,2020-01-27 00:00:00+00:00,1,0.2068786472082138
Logistic catalogue,-1,validation,2020-02-03 00:00:00+00:00,0,0.21608085930347443
Logistic catalogue,-1,validation,2020-02-10 00:00:00+00:00,0,0.21117755770683289
Logistic catalogue,-1,validation,2020-02-17 00:00:00+00:00,0,0.21112284064292908
Logistic catalogue,-1,validation,2020-02-24 00:00:00+00:00,0,0.21112284064292908
Logistic catalogue,-1,validation,2020-03-02 00:00:00+00:00,0,0.19832168519496918
Logistic catalogue,-1,validation,2020-03-09 00:00:00+00:00,0,0.19832168519496918
Logistic catalogue,-1,validation,2020-03-16 00:00:00+00:00,0,0.19832168519496918
Logistic catalogue,-1,validation,2020-03-23 00:00:00+00:00,0,0.19832168519496918
Logistic catalogue,-1,validation,2020-03-30 00:00:00+00:00,0,0.19212587177753448
Logistic catalogue,-1,validation,2020-04-06 00:00:00+00:00,0,0.1983739286661148
Logistic catalogue,-1,validation,2020-04-13 00:00:00+00:00,0,0.20300330221652985
Logistic catalogue,-1,validation,2020-04-20 00:00:00+00:00,0,0.20945899188518524
Logistic catalogue,-1,validation,2020-04-27 00:00:00+00:00,0,0.2047736495733261
Logistic catalogue,-1,validation,2020-05-04 00:00:00+00:00,0,0.20021919906139374
Logistic catalogue,-1,validation,2020-05-11 00:00:00+00:00,0,0.20472018420696259
Logistic catalogue,-1,validation,2020-05-18 00:00:00+00:00,1,0.19563771784305573
Logistic catalogue,-1,validation,2020-05-25 00:00:00+00:00,0,0.20551016926765442
Logistic catalogue,-1,validation,2020-06-01 00:00:00+00:00,0,0.2103169858455658
Logistic catalogue,-1,validation,2020-06-08 00:00:00+00:00,0,0.20104900002479553
Logistic catalogue,-1,validation,2020-06-15 00:00:00+00:00,0,0.20104900002479553
Logistic catalogue,-1,validation,2020-06-22 00:00:00+00:00,1,0.20104900002479553
Logistic catalogue,-1,validation,2020-06-29 00:00:00+00:00,0,0.1397891491651535
Logistic catalogue,-1,validation,2020-07-06 00:00:00+00:00,0,0.21058987081050873
Logistic catalogue,-1,validation,2020-07-13 00:00:00+00:00,0,0.21058987081050873
Logistic catalogue,-1,validation,2020-07-20 00:00:00+00:00,0,0.21058987081050873
Logistic catalogue,-1,validation,2020-07-27 00:00:00+00:00,0,0.19322200119495392
Logistic catalogue,-1,validation,2020-08-03 00:00:00+00:00,0,0.1842842847108841
Logistic catalogue,-1,validation,2020-08-10 00:00:00+00:00,0,0.18768610060214996
Logistic catalogue,-1,validation,2020-08-17 00:00:00+00:00,0,0.2030564695596695
Logistic catalogue,-1,validation,2020-08-24 00:00:00+00:00,0,0.2030564695596695
Logistic catalogue,-1,validation,2020-08-31 00:00:00+00:00,1,0.20782089233398438
Logistic catalogue,-1,validation,2020-09-07 00:00:00+00:00,0,0.6297833323478699
Logistic catalogue,-1,validation,2020-09-14 00:00:00+00:00,0,0.29018548130989075
Logistic catalogue,-1,validation,2020-09-21 00:00:00+00:00,0,0.29018548130989075
Logistic catalogue,-1,validation,2020-09-28 00:00:00+00:00,0,0.290050208568573
Logistic catalogue,-1,validation,2020-10-05 00:00:00+00:00,0,0.27173370122909546
Logistic catalogue,-1,validation,2020-10-12 00:00:00+00:00,0,0.21748380362987518
Logistic catalogue,-1,validation,2020-10-19 00:00:00+00:00,0,0.20787496864795685
Logistic catalogue,-1,validation,2020-10-26 00:00:00+00:00,1,0.20321598649024963
Logistic catalogue,-1,validation,2020-11-02 00:00:00+00:00,0,0.217014342546463
Logistic catalogue,-1,validation,2020-11-09 00:00:00+00:00,0,0.21209558844566345
Logistic catalogue,-1,validation,2020-11-16 00:00:00+00:00,1,0.21198582649230957
Logistic catalogue,-1,validation,2020-11-23 00:00:00+00:00,0,0.22116513550281525
Logistic catalogue,-1,validation,2020-11-30 00:00:00+00:00,0,0.21591398119926453
Logistic catalogue,-1,validation,2020-12-07 00:00:00+00:00,1,0.21591398119926453
Logistic catalogue,-1,validation,2020-12-14 00:00:00+00:00,0,0.22072690725326538
Logistic catalogue,-1,validation,2020-12-21 00:00:00+00:00,0,0.22089645266532898
LSTM catalogue,7,validation,2017-01-02 00:00:00+00:00,0,0.21106596291065216
LSTM catalogue,7,validation,2017-01-09 00:00:00+00:00,0,0.17423725128173828
LSTM catalogue,7,validation,2017-01-16 00:00:00+00:00,0,0.24619710445404053
LSTM catalogue,7,validation,2017-01-23 00:00:00+00:00,0,0.222050279378891
LSTM catalogue,7,validation,2017-01-30 00:00:00+00:00,1,0.2102823257446289
LSTM catalogue,7,validation,2017-02-06 00:00:00+00:00,0,0.31079792976379395
LSTM catalogue,7,validation,2017-02-13 00:00:00+00:00,1,0.22049500048160553
LSTM catalogue,7,validation,2017-02-20 00:00:00+00:00,1,0.35421016812324524
LSTM catalogue,7,validation,2017-02-27 00:00:00+00:00,0,0.2066948562860489
LSTM catalogue,7,validation,2017-03-06 00:00:00+00:00,1,0.2211412787437439
LSTM catalogue,7,validation,2017-03-13 00:00:00+00:00,1,0.2342398464679718
LSTM catalogue,7,validation,2017-03-20 00:00:00+00:00,0,0.2772308886051178
LSTM catalogue,7,validation,2017-03-27 00:00:00+00:00,1,0.2235349714756012
LSTM catalogue,7,validation,2017-04-03 00:00:00+00:00,0,0.22691121697425842
LSTM catalogue,7,validation,2017-04-10 00:00:00+00:00,1,0.22866562008857727
LSTM catalogue,7,validation,2017-04-17 00:00:00+00:00,1,0.24576255679130554
LSTM catalogue,7,validation,2017-04-24 00:00:00+00:00,1,0.6000968217849731
LSTM catalogue,7,validation,2017-05-01 00:00:00+00:00,0,0.576848030090332
LSTM catalogue,7,validation,2017-05-08 00:00:00+00:00,1,0.3324596583843231
LSTM catalogue,7,validation,2017-05-15 00:00:00+00:00,0,0.24842970073223114
LSTM catalogue,7,validation,2017-05-22 00:00:00+00:00,0,0.22743259370326996
LSTM catalogue,7,validation,2017-05-29 00:00:00+00:00,0,0.18306924402713776
LSTM catalogue,7,validation,2017-06-05 00:00:00+00:00,0,0.23829759657382965
LSTM catalogue,7,validation,2017-06-12 00:00:00+00:00,1,0.19520865380764008
LSTM catalogue,7,validation,2017-06-19 00:00:00+00:00,0,0.18787212669849396
LSTM catalogue,7,validation,2017-06-26 00:00:00+00:00,1,0.22257336974143982
LSTM catalogue,7,validation,2017-07-03 00:00:00+00:00,0,0.22715452313423157
LSTM catalogue,7,validation,2017-07-10 00:00:00+00:00,1,0.2072502076625824
LSTM catalogue,7,validation,2017-07-17 00:00:00+00:00,0,0.31691214442253113
LSTM catalogue,7,validation,2017-07-24 00:00:00+00:00,0,0.23025374114513397
LSTM catalogue,7,validation,2017-07-31 00:00:00+00:00,1,0.2047429382801056
LSTM catalogue,7,validation,2017-08-07 00:00:00+00:00,1,0.25678572058677673
LSTM catalogue,7,validation,2017-08-14 00:00:00+00:00,1,0.2777940034866333
LSTM catalogue,7,validation,2017-08-21 00:00:00+00:00,0,0.26688146591186523
LSTM catalogue,7,validation,2017-08-28 00:00:00+00:00,0,0.2218567281961441
LSTM catalogue,7,validation,2017-09-04 00:00:00+00:00,0,0.21282589435577393
LSTM catalogue,7,validation,2017-09-11 00:00:00+00:00,0,0.20806683599948883
LSTM catalogue,7,validation,2017-09-18 00:00:00+00:00,1,0.2070208638906479
LSTM catalogue,7,validation,2017-09-25 00:00:00+00:00,0,0.30553117394447327
LSTM catalogue,7,validation,2017-10-02 00:00:00+00:00,0,0.23411282896995544
LSTM catalogue,7,validation,2017-10-09 00:00:00+00:00,0,0.2093495875597
LSTM catalogue,7,validation,2017-10-16 00:00:00+00:00,0,0.14529071748256683
LSTM catalogue,7,validation,2017-10-23 00:00:00+00:00,0,0.2147464007139206
LSTM catalogue,7,validation,2017-10-30 00:00:00+00:00,0,0.22024811804294586
LSTM catalogue,7,validation,2017-11-06 00:00:00+00:00,0,0.21545040607452393
LSTM catalogue,7,validation,2017-11-13 00:00:00+00:00,0,0.24421437084674835
LSTM catalogue,7,validation,2017-11-20 00:00:00+00:00,0,0.22686105966567993
LSTM catalogue,7,validation,2017-11-27 00:00:00+00:00,0,0.1580662578344345
LSTM catalogue,7,validation,2017-12-04 00:00:00+00:00,0,0.2312130481004715
LSTM catalogue,7,validation,2017-12-11 00:00:00+00:00,0,0.2617546319961548
LSTM catalogue,7,validation,2017-12-18 00:00:00+00:00,0,0.23720991611480713
LSTM catalogue,7,validation,2017-12-25 00:00:00+00:00,0,0.2150719165802002
LSTM catalogue,7,validation,2018-01-01 00:00:00+00:00,0,0.22173739969730377
LSTM catalogue,7,validation,2018-01-08 00:00:00+00:00,0,0.21023951470851898
LSTM catalogue,7,validation,2018-01-15 00:00:00+00:00,1,0.20840264856815338
LSTM catalogue,7,validation,2018-01-22 00:00:00+00:00,0,0.24177314341068268
LSTM catalogue,7,validation,2018-01-29 00:00:00+00:00,1,0.21688298881053925
LSTM catalogue,7,validation,2018-02-05 00:00:00+00:00,1,0.33610305190086365
LSTM catalogue,7,validation,2018-02-12 00:00:00+00:00,0,0.32599759101867676
LSTM catalogue,7,validation,2018-02-19 00:00:00+00:00,0,0.23214837908744812
LSTM catalogue,7,validation,2018-02-26 00:00:00+00:00,0,0.2197188287973404
LSTM catalogue,7,validation,2018-03-05 00:00:00+00:00,0,0.14912249147891998
LSTM catalogue,7,validation,2018-03-12 00:00:00+00:00,0,0.21626003086566925
LSTM catalogue,7,validation,2018-03-19 00:00:00+00:00,1,0.21657827496528625
LSTM catalogue,7,validation,2018-03-26 00:00:00+00:00,0,0.23528869450092316
LSTM catalogue,7,validation,2018-04-02 00:00:00+00:00,0,0.15331538021564484
LSTM catalogue,7,validation,2018-04-09 00:00:00+00:00,1,0.21965038776397705
LSTM catalogue,7,validation,2018-04-16 00:00:00+00:00,0,0.20579200983047485
LSTM catalogue,7,validation,2018-04-23 00:00:00+00:00,0,0.24214322865009308
LSTM catalogue,7,validation,2018-04-30 00:00:00+00:00,0,0.2174438089132309
LSTM catalogue,7,validation,2018-05-07 00:00:00+00:00,0,0.25221705436706543
LSTM catalogue,7,validation,2018-05-14 00:00:00+00:00,0,0.2258501797914505
LSTM catalogue,7,validation,2018-05-21 00:00:00+00:00,0,0.2104269117116928
LSTM catalogue,7,validation,2018-05-28 00:00:00+00:00,0,0.16308732330799103
LSTM catalogue,7,validation,2018-06-04 00:00:00+00:00,0,0.22559846937656403
LSTM catalogue,7,validation,2018-06-11 00:00:00+00:00,0,0.21319063007831573
LSTM catalogue,7,validation,2018-06-18 00:00:00+00:00,0,0.19579385221004486
LSTM catalogue,7,validation,2018-06-25 00:00:00+00:00,0,0.21721014380455017
LSTM catalogue,7,validation,2018-07-02 00:00:00+00:00,0,0.17502303421497345
LSTM catalogue,7,validation,2018-07-09 00:00:00+00:00,0,0.23326459527015686
LSTM catalogue,7,validation,2018-07-16 00:00:00+00:00,0,0.21455353498458862
LSTM catalogue,7,validation,2018-07-23 00:00:00+00:00,0,0.17842228710651398
LSTM catalogue,7,validation,2018-07-30 00:00:00+00:00,0,0.21681980788707733
LSTM catalogue,7,validation,2018-08-06 00:00:00+00:00,0,0.2221255898475647
LSTM catalogue,7,validation,2018-08-13 00:00:00+00:00,0,0.2136957347393036
LSTM catalogue,7,validation,2018-08-20 00:00:00+00:00,0,0.20776647329330444
LSTM catalogue,7,validation,2018-08-27 00:00:00+00:00,1,0.20596443116664886
LSTM catalogue,7,validation,2018-09-03 00:00:00+00:00,1,0.3448789417743683
LSTM catalogue,7,validation,2018-09-10 00:00:00+00:00,1,0.4378724992275238
LSTM catalogue,7,validation,2018-09-17 00:00:00+00:00,0,0.2776546776294708
LSTM catalogue,7,validation,2018-09-24 00:00:00+00:00,0,0.22218704223632812
LSTM catalogue,7,validation,2018-10-01 00:00:00+00:00,0,0.19360405206680298
LSTM catalogue,7,validation,2018-10-08 00:00:00+00:00,0,0.1527547389268875
LSTM catalogue,7,validation,2018-10-15 00:00:00+00:00,0,0.22139480710029602
LSTM catalogue,7,validation,2018-10-22 00:00:00+00:00,0,0.21387144923210144
LSTM catalogue,7,validation,2018-10-29 00:00:00+00:00,0,0.20537611842155457
LSTM catalogue,7,validation,2018-11-05 00:00:00+00:00,1,0.21572157740592957
LSTM catalogue,7,validation,2018-11-12 00:00:00+00:00,0,0.22652435302734375
LSTM catalogue,7,validation,2018-11-19 00:00:00+00:00,0,0.21545405685901642
LSTM catalogue,7,validation,2018-11-26 00:00:00+00:00,1,0.21316073834896088
LSTM catalogue,7,validation,2018-12-03 00:00:00+00:00,1,0.31466853618621826
LSTM catalogue,7,validation,2018-12-10 00:00:00+00:00,0,0.4175233542919159
LSTM catalogue,7,validation,2018-12-17 00:00:00+00:00,0,0.2615909278392792
LSTM catalogue,7,validation,2018-12-24 00:00:00+00:00,0,0.21518871188163757
LSTM catalogue,7,validation,2018-12-31 00:00:00+00:00,1,0.19316378235816956
LSTM catalogue,7,validation,2019-01-07 00:00:00+00:00,0,0.21294933557510376
LSTM catalogue,7,validation,2019-01-14 00:00:00+00:00,1,0.22970739006996155
LSTM catalogue,7,validation,2019-01-21 00:00:00+00:00,1,0.5778594017028809
LSTM catalogue,7,validation,2019-01-28 00:00:00+00:00,0,0.49006348848342896
LSTM catalogue,7,validation,2019-02-04 00:00:00+00:00,0,0.23250970244407654
LSTM catalogue,7,validation,2019-02-11 00:00:00+00:00,0,0.1627092808485031
LSTM catalogue,7,validation,2019-02-18 00:00:00+00:00,0,0.2186172902584076
LSTM catalogue,7,validation,2019-02-25 00:00:00+00:00,1,0.2810027003288269
LSTM catalogue,7,validation,2019-03-04 00:00:00+00:00,1,0.4986153542995453
LSTM catalogue,7,validation,2019-03-11 00:00:00+00:00,1,0.34024888277053833
LSTM catalogue,7,validation,2019-03-18 00:00:00+00:00,0,0.26334261894226074
LSTM catalogue,7,validation,2019-03-25 00:00:00+00:00,0,0.24760130047798157
LSTM catalogue,7,validation,2019-04-01 00:00:00+00:00,1,0.21441084146499634
LSTM catalogue,7,validation,2019-04-08 00:00:00+00:00,0,0.42819246649742126
LSTM catalogue,7,validation,2019-04-15 00:00:00+00:00,1,0.29329705238342285
LSTM catalogue,7,validation,2019-04-22 00:00:00+00:00,0,0.26848968863487244
LSTM catalogue,7,validation,2019-04-29 00:00:00+00:00,0,0.18968504667282104
LSTM catalogue,7,validation,2019-05-06 00:00:00+00:00,0,0.2795381546020508
LSTM catalogue,7,validation,2019-05-13 00:00:00+00:00,1,0.22900554537773132
LSTM catalogue,7,validation,2019-05-20 00:00:00+00:00,1,0.23648381233215332
LSTM catalogue,7,validation,2019-05-27 00:00:00+00:00,0,0.24444901943206787
LSTM catalogue,7,validation,2019-06-03 00:00:00+00:00,0,0.20664823055267334
LSTM catalogue,7,validation,2019-06-10 00:00:00+00:00,1,0.21021655201911926
LSTM catalogue,7,validation,2019-06-17 00:00:00+00:00,0,0.3358071744441986
LSTM catalogue,7,validation,2019-06-24 00:00:00+00:00,1,0.2467448115348816
LSTM catalogue,7,validation,2019-07-01 00:00:00+00:00,0,0.17329977452754974
LSTM catalogue,7,validation,2019-07-08 00:00:00+00:00,0,0.2790417969226837
LSTM catalogue,7,validation,2019-07-15 00:00:00+00:00,0,0.2646983861923218
LSTM catalogue,7,validation,2019-07-22 00:00:00+00:00,0,0.26435646414756775
LSTM catalogue,7,validation,2019-07-29 00:00:00+00:00,0,0.24955055117607117
LSTM catalogue,7,validation,2019-08-05 00:00:00+00:00,0,0.21934625506401062
LSTM catalogue,7,validation,2019-08-12 00:00:00+00:00,0,0.19872182607650757
LSTM catalogue,7,validation,2019-08-19 00:00:00+00:00,0,0.23049132525920868
LSTM catalogue,7,validation,2019-08-26 00:00:00+00:00,0,0.23226869106292725
LSTM catalogue,7,validation,2019-09-02 00:00:00+00:00,0,0.23515412211418152
LSTM catalogue,7,validation,2019-09-09 00:00:00+00:00,0,0.22769421339035034
LSTM catalogue,7,validation,2019-09-16 00:00:00+00:00,0,0.22360917925834656
LSTM catalogue,7,validation,2019-09-23 00:00:00+00:00,1,0.22391192615032196
LSTM catalogue,7,validation,2019-09-30 00:00:00+00:00,0,0.23929503560066223
LSTM catalogue,7,validation,2019-10-07 00:00:00+00:00,0,0.21129494905471802
LSTM catalogue,7,validation,2019-10-14 00:00:00+00:00,0,0.18907959759235382
LSTM catalogue,7,validation,2019-10-21 00:00:00+00:00,0,0.19782991707324982
LSTM catalogue,7,validation,2019-10-28 00:00:00+00:00,1,0.23198974132537842
LSTM catalogue,7,validation,2019-11-04 00:00:00+00:00,1,0.34999024868011475
LSTM catalogue,7,validation,2019-11-11 00:00:00+00:00,0,0.2679748237133026
LSTM catalogue,7,validation,2019-11-18 00:00:00+00:00,1,0.22908958792686462
LSTM catalogue,7,validation,2019-11-25 00:00:00+00:00,0,0.17430798709392548
LSTM catalogue,7,validation,2019-12-02 00:00:00+00:00,0,0.2552824318408966
LSTM catalogue,7,validation,2019-12-09 00:00:00+00:00,0,0.22232596576213837
LSTM catalogue,7,validation,2019-12-16 00:00:00+00:00,0,0.2219441682100296
LSTM catalogue,7,validation,2019-12-23 00:00:00+00:00,0,0.2124849408864975
LSTM catalogue,7,validation,2019-12-30 00:00:00+00:00,1,0.1932590901851654
LSTM catalogue,7,validation,2020-01-06 00:00:00+00:00,0,0.26281973719596863
LSTM catalogue,7,validation,2020-01-13 00:00:00+00:00,0,0.22872211039066315
LSTM catalogue,7,validation,2020-01-20 00:00:00+00:00,0,0.21070055663585663
LSTM catalogue,7,validation,2020-01-27 00:00:00+00:00,1,0.22485774755477905
LSTM catalogue,7,validation,2020-02-03 00:00:00+00:00,0,0.27243170142173767
LSTM catalogue,7,validation,2020-02-10 00:00:00+00:00,0,0.21762454509735107
LSTM catalogue,7,validation,2020-02-17 00:00:00+00:00,0,0.19751791656017303
LSTM catalogue,7,validation,2020-02-24 00:00:00+00:00,0,0.21334896981716156
LSTM catalogue,7,validation,2020-03-02 00:00:00+00:00,0,0.23943394422531128
LSTM catalogue,7,validation,2020-03-09 00:00:00+00:00,0,0.22567801177501678
LSTM catalogue,7,validation,2020-03-16 00:00:00+00:00,0,0.2113717496395111
LSTM catalogue,7,validation,2020-03-23 00:00:00+00:00,0,0.21580034494400024
LSTM catalogue,7,validation,2020-03-30 00:00:00+00:00,0,0.21697069704532623
LSTM catalogue,7,validation,2020-04-06 00:00:00+00:00,0,0.21068549156188965
LSTM catalogue,7,validation,2020-04-13 00:00:00+00:00,0,0.22475579380989075
LSTM catalogue,7,validation,2020-04-20 00:00:00+00:00,0,0.26818975806236267
LSTM catalogue,7,validation,2020-04-27 00:00:00+00:00,0,0.22259177267551422
LSTM catalogue,7,validation,2020-05-04 00:00:00+00:00,0,0.21082250773906708
LSTM catalogue,7,validation,2020-05-11 00:00:00+00:00,0,0.23929062485694885
LSTM catalogue,7,validation,2020-05-18 00:00:00+00:00,1,0.22054320573806763
LSTM catalogue,7,validation,2020-05-25 00:00:00+00:00,0,0.2199069857597351
LSTM catalogue,7,validation,2020-06-01 00:00:00+00:00,0,0.18472230434417725
LSTM catalogue,7,validation,2020-06-08 00:00:00+00:00,0,0.21506601572036743
LSTM catalogue,7,validation,2020-06-15 00:00:00+00:00,0,0.20995879173278809
LSTM catalogue,7,validation,2020-06-22 00:00:00+00:00,1,0.2073637694120407
LSTM catalogue,7,validation,2020-06-29 00:00:00+00:00,0,0.16333293914794922
LSTM catalogue,7,validation,2020-07-06 00:00:00+00:00,0,0.23713208734989166
LSTM catalogue,7,validation,2020-07-13 00:00:00+00:00,0,0.24935482442378998
LSTM catalogue,7,validation,2020-07-20 00:00:00+00:00,0,0.2239599972963333
LSTM catalogue,7,validation,2020-07-27 00:00:00+00:00,0,0.21594667434692383
LSTM catalogue,7,validation,2020-08-03 00:00:00+00:00,0,0.20774559676647186
LSTM catalogue,7,validation,2020-08-10 00:00:00+00:00,0,0.19316597282886505
LSTM catalogue,7,validation,2020-08-17 00:00:00+00:00,0,0.2892686724662781
LSTM catalogue,7,validation,2020-08-24 00:00:00+00:00,0,0.2571885883808136
LSTM catalogue,7,validation,2020-08-31 00:00:00+00:00,1,0.2183278650045395
LSTM catalogue,7,validation,2020-09-07 00:00:00+00:00,0,0.5196208953857422
LSTM catalogue,7,validation,2020-09-14 00:00:00+00:00,0,0.2046218067407608
LSTM catalogue,7,validation,2020-09-21 00:00:00+00:00,0,0.21583707630634308
LSTM catalogue,7,validation,2020-09-28 00:00:00+00:00,0,0.22651812434196472
LSTM catalogue,7,validation,2020-10-05 00:00:00+00:00,0,0.2539922893047333
LSTM catalogue,7,validation,2020-10-12 00:00:00+00:00,0,0.24193735420703888
LSTM catalogue,7,validation,2020-10-19 00:00:00+00:00,0,0.24961049854755402
LSTM catalogue,7,validation,2020-10-26 00:00:00+00:00,1,0.22458839416503906
LSTM catalogue,7,validation,2020-11-02 00:00:00+00:00,0,0.26121896505355835
LSTM catalogue,7,validation,2020-11-09 00:00:00+00:00,0,0.21143582463264465
LSTM catalogue,7,validation,2020-11-16 00:00:00+00:00,1,0.18793678283691406
LSTM catalogue,7,validation,2020-11-23 00:00:00+00:00,0,0.29731911420822144
LSTM catalogue,7,validation,2020-11-30 00:00:00+00:00,0,0.24459199607372284
LSTM catalogue,7,validation,2020-12-07 00:00:00+00:00,1,0.21368466317653656
LSTM catalogue,7,validation,2020-12-14 00:00:00+00:00,0,0.19529229402542114
LSTM catalogue,7,validation,2020-12-21 00:00:00+00:00,0,0.23483043909072876
Transformer compact,7,validation,2017-01-02 00:00:00+00:00,0,0.2686850130558014
Transformer compact,7,validation,2017-01-09 00:00:00+00:00,0,0.24070721864700317
Transformer compact,7,validation,2017-01-16 00:00:00+00:00,0,0.21530868113040924
Transformer compact,7,validation,2017-01-23 00:00:00+00:00,0,0.2010311335325241
Transformer compact,7,validation,2017-01-30 00:00:00+00:00,1,0.23746608197689056
Transformer compact,7,validation,2017-02-06 00:00:00+00:00,0,0.2574361264705658
Transformer compact,7,validation,2017-02-13 00:00:00+00:00,1,0.21780948340892792
Transformer compact,7,validation,2017-02-20 00:00:00+00:00,1,0.2624376118183136
Transformer compact,7,validation,2017-02-27 00:00:00+00:00,0,0.25133705139160156
Transformer compact,7,validation,2017-03-06 00:00:00+00:00,1,0.22330738604068756
Transformer compact,7,validation,2017-03-13 00:00:00+00:00,1,0.27971556782722473
Transformer compact,7,validation,2017-03-20 00:00:00+00:00,0,0.2316918671131134
Transformer compact,7,validation,2017-03-27 00:00:00+00:00,1,0.22034737467765808
Transformer compact,7,validation,2017-04-03 00:00:00+00:00,0,0.2304159551858902
Transformer compact,7,validation,2017-04-10 00:00:00+00:00,1,0.2362547218799591
Transformer compact,7,validation,2017-04-17 00:00:00+00:00,1,0.20610830187797546
Transformer compact,7,validation,2017-04-24 00:00:00+00:00,1,0.36340487003326416
Transformer compact,7,validation,2017-05-01 00:00:00+00:00,0,0.5513668060302734
Transformer compact,7,validation,2017-05-08 00:00:00+00:00,1,0.5020269751548767
Transformer compact,7,validation,2017-05-15 00:00:00+00:00,0,0.5435881614685059
Transformer compact,7,validation,2017-05-22 00:00:00+00:00,0,0.5610763430595398
Transformer compact,7,validation,2017-05-29 00:00:00+00:00,0,0.23522041738033295
Transformer compact,7,validation,2017-06-05 00:00:00+00:00,0,0.21580472588539124
Transformer compact,7,validation,2017-06-12 00:00:00+00:00,1,0.2273252308368683
Transformer compact,7,validation,2017-06-19 00:00:00+00:00,0,0.23443806171417236
Transformer compact,7,validation,2017-06-26 00:00:00+00:00,1,0.22772012650966644
Transformer compact,7,validation,2017-07-03 00:00:00+00:00,0,0.22147412598133087
Transformer compact,7,validation,2017-07-10 00:00:00+00:00,1,0.24258679151535034
Transformer compact,7,validation,2017-07-17 00:00:00+00:00,0,0.26415589451789856
Transformer compact,7,validation,2017-07-24 00:00:00+00:00,0,0.22460804879665375
Transformer compact,7,validation,2017-07-31 00:00:00+00:00,1,0.2170928716659546
Transformer compact,7,validation,2017-08-07 00:00:00+00:00,1,0.24431811273097992
Transformer compact,7,validation,2017-08-14 00:00:00+00:00,1,0.23054106533527374
Transformer compact,7,validation,2017-08-21 00:00:00+00:00,0,0.24714472889900208
Transformer compact,7,validation,2017-08-28 00:00:00+00:00,0,0.24082554876804352
Transformer compact,7,validation,2017-09-04 00:00:00+00:00,0,0.22597470879554749
Transformer compact,7,validation,2017-09-11 00:00:00+00:00,0,0.22794316709041595
Transformer compact,7,validation,2017-09-18 00:00:00+00:00,1,0.19460393488407135
Transformer compact,7,validation,2017-09-25 00:00:00+00:00,0,0.24800075590610504
Transformer compact,7,validation,2017-10-02 00:00:00+00:00,0,0.22599399089813232
Transformer compact,7,validation,2017-10-09 00:00:00+00:00,0,0.24217121303081512
Transformer compact,7,validation,2017-10-16 00:00:00+00:00,0,0.2514745593070984
Transformer compact,7,validation,2017-10-23 00:00:00+00:00,0,0.2020064741373062
Transformer compact,7,validation,2017-10-30 00:00:00+00:00,0,0.1907082498073578
Transformer compact,7,validation,2017-11-06 00:00:00+00:00,0,0.19182221591472626
Transformer compact,7,validation,2017-11-13 00:00:00+00:00,0,0.22178776562213898
Transformer compact,7,validation,2017-11-20 00:00:00+00:00,0,0.2025490552186966
Transformer compact,7,validation,2017-11-27 00:00:00+00:00,0,0.20787574350833893
Transformer compact,7,validation,2017-12-04 00:00:00+00:00,0,0.2205493450164795
Transformer compact,7,validation,2017-12-11 00:00:00+00:00,0,0.2076321244239807
Transformer compact,7,validation,2017-12-18 00:00:00+00:00,0,0.2117372304201126
Transformer compact,7,validation,2017-12-25 00:00:00+00:00,0,0.23497705161571503
Transformer compact,7,validation,2018-01-01 00:00:00+00:00,0,0.20701929926872253
Transformer compact,7,validation,2018-01-08 00:00:00+00:00,0,0.1801268756389618
Transformer compact,7,validation,2018-01-15 00:00:00+00:00,1,0.18589478731155396
Transformer compact,7,validation,2018-01-22 00:00:00+00:00,0,0.2029968947172165
Transformer compact,7,validation,2018-01-29 00:00:00+00:00,1,0.20471031963825226
Transformer compact,7,validation,2018-02-05 00:00:00+00:00,1,0.24005766212940216
Transformer compact,7,validation,2018-02-12 00:00:00+00:00,0,0.25824597477912903
Transformer compact,7,validation,2018-02-19 00:00:00+00:00,0,0.2620302736759186
Transformer compact,7,validation,2018-02-26 00:00:00+00:00,0,0.24915441870689392
Transformer compact,7,validation,2018-03-05 00:00:00+00:00,0,0.22415310144424438
Transformer compact,7,validation,2018-03-12 00:00:00+00:00,0,0.1937851756811142
Transformer compact,7,validation,2018-03-19 00:00:00+00:00,1,0.19041961431503296
Transformer compact,7,validation,2018-03-26 00:00:00+00:00,0,0.20180299878120422
Transformer compact,7,validation,2018-04-02 00:00:00+00:00,0,0.22082968056201935
Transformer compact,7,validation,2018-04-09 00:00:00+00:00,1,0.2203291356563568
Transformer compact,7,validation,2018-04-16 00:00:00+00:00,0,0.2642042338848114
Transformer compact,7,validation,2018-04-23 00:00:00+00:00,0,0.23952800035476685
Transformer compact,7,validation,2018-04-30 00:00:00+00:00,0,0.27629899978637695
Transformer compact,7,validation,2018-05-07 00:00:00+00:00,0,0.26981136202812195
Transformer compact,7,validation,2018-05-14 00:00:00+00:00,0,0.2425404191017151
Transformer compact,7,validation,2018-05-21 00:00:00+00:00,0,0.23014594614505768
Transformer compact,7,validation,2018-05-28 00:00:00+00:00,0,0.22771327197551727
Transformer compact,7,validation,2018-06-04 00:00:00+00:00,0,0.1986304521560669
Transformer compact,7,validation,2018-06-11 00:00:00+00:00,0,0.19051675498485565
Transformer compact,7,validation,2018-06-18 00:00:00+00:00,0,0.21163509786128998
Transformer compact,7,validation,2018-06-25 00:00:00+00:00,0,0.19674527645111084
Transformer compact,7,validation,2018-07-02 00:00:00+00:00,0,0.22415177524089813
Transformer compact,7,validation,2018-07-09 00:00:00+00:00,0,0.21514105796813965
Transformer compact,7,validation,2018-07-16 00:00:00+00:00,0,0.21949227154254913
Transformer compact,7,validation,2018-07-23 00:00:00+00:00,0,0.22956329584121704
Transformer compact,7,validation,2018-07-30 00:00:00+00:00,0,0.20252107083797455
Transformer compact,7,validation,2018-08-06 00:00:00+00:00,0,0.19151270389556885
Transformer compact,7,validation,2018-08-13 00:00:00+00:00,0,0.18987593054771423
Transformer compact,7,validation,2018-08-20 00:00:00+00:00,0,0.19730763137340546
Transformer compact,7,validation,2018-08-27 00:00:00+00:00,1,0.18722131848335266
Transformer compact,7,validation,2018-09-03 00:00:00+00:00,1,0.25074905157089233
Transformer compact,7,validation,2018-09-10 00:00:00+00:00,1,0.2955729067325592
Transformer compact,7,validation,2018-09-17 00:00:00+00:00,0,0.29741528630256653
Transformer compact,7,validation,2018-09-24 00:00:00+00:00,0,0.3033548593521118
Transformer compact,7,validation,2018-10-01 00:00:00+00:00,0,0.2742343544960022
Transformer compact,7,validation,2018-10-08 00:00:00+00:00,0,0.22332100570201874
Transformer compact,7,validation,2018-10-15 00:00:00+00:00,0,0.18783415853977203
Transformer compact,7,validation,2018-10-22 00:00:00+00:00,0,0.19099558889865875
Transformer compact,7,validation,2018-10-29 00:00:00+00:00,0,0.19510263204574585
Transformer compact,7,validation,2018-11-05 00:00:00+00:00,1,0.19545960426330566
Transformer compact,7,validation,2018-11-12 00:00:00+00:00,0,0.20024201273918152
Transformer compact,7,validation,2018-11-19 00:00:00+00:00,0,0.19587263464927673
Transformer compact,7,validation,2018-11-26 00:00:00+00:00,1,0.20173504948616028
Transformer compact,7,validation,2018-12-03 00:00:00+00:00,1,0.27444663643836975
Transformer compact,7,validation,2018-12-10 00:00:00+00:00,0,0.2795794904232025
Transformer compact,7,validation,2018-12-17 00:00:00+00:00,0,0.2714049518108368
Transformer compact,7,validation,2018-12-24 00:00:00+00:00,0,0.2567583918571472
Transformer compact,7,validation,2018-12-31 00:00:00+00:00,1,0.28018999099731445
Transformer compact,7,validation,2019-01-07 00:00:00+00:00,0,0.2162897288799286
Transformer compact,7,validation,2019-01-14 00:00:00+00:00,1,0.20383578538894653
Transformer compact,7,validation,2019-01-21 00:00:00+00:00,1,0.4374659061431885
Transformer compact,7,validation,2019-01-28 00:00:00+00:00,0,0.44318506121635437
Transformer compact,7,validation,2019-02-04 00:00:00+00:00,0,0.392826646566391
Transformer compact,7,validation,2019-02-11 00:00:00+00:00,0,0.42201516032218933
Transformer compact,7,validation,2019-02-18 00:00:00+00:00,0,0.40188339352607727
Transformer compact,7,validation,2019-02-25 00:00:00+00:00,1,0.23661747574806213
Transformer compact,7,validation,2019-03-04 00:00:00+00:00,1,0.3264138698577881
Transformer compact,7,validation,2019-03-11 00:00:00+00:00,1,0.3605581521987915
Transformer compact,7,validation,2019-03-18 00:00:00+00:00,0,0.35461777448654175
Transformer compact,7,validation,2019-03-25 00:00:00+00:00,0,0.3187536597251892
Transformer compact,7,validation,2019-04-01 00:00:00+00:00,1,0.256820410490036
Transformer compact,7,validation,2019-04-08 00:00:00+00:00,0,0.29699549078941345
Transformer compact,7,validation,2019-04-15 00:00:00+00:00,1,0.26371094584465027
Transformer compact,7,validation,2019-04-22 00:00:00+00:00,0,0.23857928812503815
Transformer compact,7,validation,2019-04-29 00:00:00+00:00,0,0.29489409923553467
Transformer compact,7,validation,2019-05-06 00:00:00+00:00,0,0.2876196503639221
Transformer compact,7,validation,2019-05-13 00:00:00+00:00,1,0.2269035279750824
Transformer compact,7,validation,2019-05-20 00:00:00+00:00,1,0.23714679479599
Transformer compact,7,validation,2019-05-27 00:00:00+00:00,0,0.22285719215869904
Transformer compact,7,validation,2019-06-03 00:00:00+00:00,0,0.18921314179897308
Transformer compact,7,validation,2019-06-10 00:00:00+00:00,1,0.21471211314201355
Transformer compact,7,validation,2019-06-17 00:00:00+00:00,0,0.3333503007888794
Transformer compact,7,validation,2019-06-24 00:00:00+00:00,1,0.24994248151779175
Transformer compact,7,validation,2019-07-01 00:00:00+00:00,0,0.2921602427959442
Transformer compact,7,validation,2019-07-08 00:00:00+00:00,0,0.30500876903533936
Transformer compact,7,validation,2019-07-15 00:00:00+00:00,0,0.24157600104808807
Transformer compact,7,validation,2019-07-22 00:00:00+00:00,0,0.22473864257335663
Transformer compact,7,validation,2019-07-29 00:00:00+00:00,0,0.23657788336277008
Transformer compact,7,validation,2019-08-05 00:00:00+00:00,0,0.1978442370891571
Transformer compact,7,validation,2019-08-12 00:00:00+00:00,0,0.2113785594701767
Transformer compact,7,validation,2019-08-19 00:00:00+00:00,0,0.21140156686306
Transformer compact,7,validation,2019-08-26 00:00:00+00:00,0,0.21213378012180328
Transformer compact,7,validation,2019-09-02 00:00:00+00:00,0,0.22377420961856842
Transformer compact,7,validation,2019-09-09 00:00:00+00:00,0,0.21427954733371735
Transformer compact,7,validation,2019-09-16 00:00:00+00:00,0,0.24925777316093445
Transformer compact,7,validation,2019-09-23 00:00:00+00:00,1,0.2244388908147812
Transformer compact,7,validation,2019-09-30 00:00:00+00:00,0,0.213175430893898
Transformer compact,7,validation,2019-10-07 00:00:00+00:00,0,0.21086682379245758
Transformer compact,7,validation,2019-10-14 00:00:00+00:00,0,0.21953998506069183
Transformer compact,7,validation,2019-10-21 00:00:00+00:00,0,0.2098197340965271
Transformer compact,7,validation,2019-10-28 00:00:00+00:00,1,0.22185741364955902
Transformer compact,7,validation,2019-11-04 00:00:00+00:00,1,0.2472010850906372
Transformer compact,7,validation,2019-11-11 00:00:00+00:00,0,0.2945639491081238
Transformer compact,7,validation,2019-11-18 00:00:00+00:00,1,0.2659950256347656
Transformer compact,7,validation,2019-11-25 00:00:00+00:00,0,0.30212366580963135
Transformer compact,7,validation,2019-12-02 00:00:00+00:00,0,0.2650758624076843
Transformer compact,7,validation,2019-12-09 00:00:00+00:00,0,0.2112463265657425
Transformer compact,7,validation,2019-12-16 00:00:00+00:00,0,0.21660929918289185
Transformer compact,7,validation,2019-12-23 00:00:00+00:00,0,0.20906908810138702
Transformer compact,7,validation,2019-12-30 00:00:00+00:00,1,0.20518536865711212
Transformer compact,7,validation,2020-01-06 00:00:00+00:00,0,0.21641306579113007
Transformer compact,7,validation,2020-01-13 00:00:00+00:00,0,0.20451289415359497
Transformer compact,7,validation,2020-01-20 00:00:00+00:00,0,0.22559157013893127
Transformer compact,7,validation,2020-01-27 00:00:00+00:00,1,0.22072471678256989
Transformer compact,7,validation,2020-02-03 00:00:00+00:00,0,0.21586497128009796
Transformer compact,7,validation,2020-02-10 00:00:00+00:00,0,0.1987820416688919
Transformer compact,7,validation,2020-02-17 00:00:00+00:00,0,0.21137839555740356
Transformer compact,7,validation,2020-02-24 00:00:00+00:00,0,0.21529093384742737
Transformer compact,7,validation,2020-03-02 00:00:00+00:00,0,0.20467741787433624
Transformer compact,7,validation,2020-03-09 00:00:00+00:00,0,0.20337679982185364
Transformer compact,7,validation,2020-03-16 00:00:00+00:00,0,0.2021038830280304
Transformer compact,7,validation,2020-03-23 00:00:00+00:00,0,0.2087963968515396
Transformer compact,7,validation,2020-03-30 00:00:00+00:00,0,0.19339528679847717
Transformer compact,7,validation,2020-04-06 00:00:00+00:00,0,0.20901454985141754
Transformer compact,7,validation,2020-04-13 00:00:00+00:00,0,0.21685780584812164
Transformer compact,7,validation,2020-04-20 00:00:00+00:00,0,0.22299741208553314
Transformer compact,7,validation,2020-04-27 00:00:00+00:00,0,0.20981962978839874
Transformer compact,7,validation,2020-05-04 00:00:00+00:00,0,0.20596268773078918
Transformer compact,7,validation,2020-05-11 00:00:00+00:00,0,0.22388063371181488
Transformer compact,7,validation,2020-05-18 00:00:00+00:00,1,0.18904787302017212
Transformer compact,7,validation,2020-05-25 00:00:00+00:00,0,0.21476279199123383
Transformer compact,7,validation,2020-06-01 00:00:00+00:00,0,0.22506417334079742
Transformer compact,7,validation,2020-06-08 00:00:00+00:00,0,0.19060392677783966
Transformer compact,7,validation,2020-06-15 00:00:00+00:00,0,0.19232818484306335
Transformer compact,7,validation,2020-06-22 00:00:00+00:00,1,0.1943146288394928
Transformer compact,7,validation,2020-06-29 00:00:00+00:00,0,0.21702927350997925
Transformer compact,7,validation,2020-07-06 00:00:00+00:00,0,0.21193347871303558
Transformer compact,7,validation,2020-07-13 00:00:00+00:00,0,0.20446966588497162
Transformer compact,7,validation,2020-07-20 00:00:00+00:00,0,0.20830698311328888
Transformer compact,7,validation,2020-07-27 00:00:00+00:00,0,0.20527122914791107
Transformer compact,7,validation,2020-08-03 00:00:00+00:00,0,0.18668854236602783
Transformer compact,7,validation,2020-08-10 00:00:00+00:00,0,0.18754281103610992
Transformer compact,7,validation,2020-08-17 00:00:00+00:00,0,0.2167946845293045
Transformer compact,7,validation,2020-08-24 00:00:00+00:00,0,0.2040950357913971
Transformer compact,7,validation,2020-08-31 00:00:00+00:00,1,0.22351521253585815
Transformer compact,7,validation,2020-09-07 00:00:00+00:00,0,0.35703620314598083
Transformer compact,7,validation,2020-09-14 00:00:00+00:00,0,0.28765004873275757
Transformer compact,7,validation,2020-09-21 00:00:00+00:00,0,0.303811252117157
Transformer compact,7,validation,2020-09-28 00:00:00+00:00,0,0.33526313304901123
Transformer compact,7,validation,2020-10-05 00:00:00+00:00,0,0.2651645243167877
Transformer compact,7,validation,2020-10-12 00:00:00+00:00,0,0.2562319040298462
Transformer compact,7,validation,2020-10-19 00:00:00+00:00,0,0.22818155586719513
Transformer compact,7,validation,2020-10-26 00:00:00+00:00,1,0.2167702615261078
Transformer compact,7,validation,2020-11-02 00:00:00+00:00,0,0.21322481334209442
Transformer compact,7,validation,2020-11-09 00:00:00+00:00,0,0.19386784732341766
Transformer compact,7,validation,2020-11-16 00:00:00+00:00,1,0.20132964849472046
Transformer compact,7,validation,2020-11-23 00:00:00+00:00,0,0.24005481600761414
Transformer compact,7,validation,2020-11-30 00:00:00+00:00,0,0.21094316244125366
Transformer compact,7,validation,2020-12-07 00:00:00+00:00,1,0.2126120626926422
Transformer compact,7,validation,2020-12-14 00:00:00+00:00,0,0.23848234117031097
Transformer compact,7,validation,2020-12-21 00:00:00+00:00,0,0.2281692773103714
Transformer compact,17,validation,2017-01-02 00:00:00+00:00,0,0.25080937147140503
Transformer compact,17,validation,2017-01-09 00:00:00+00:00,0,0.23582342267036438
Transformer compact,17,validation,2017-01-16 00:00:00+00:00,0,0.22823978960514069
Transformer compact,17,validation,2017-01-23 00:00:00+00:00,0,0.24623249471187592
Transformer compact,17,validation,2017-01-30 00:00:00+00:00,1,0.24104347825050354
Transformer compact,17,validation,2017-02-06 00:00:00+00:00,0,0.2264862358570099
Transformer compact,17,validation,2017-02-13 00:00:00+00:00,1,0.24734154343605042
Transformer compact,17,validation,2017-02-20 00:00:00+00:00,1,0.2203642576932907
Transformer compact,17,validation,2017-02-27 00:00:00+00:00,0,0.23223243653774261
Transformer compact,17,validation,2017-03-06 00:00:00+00:00,1,0.23413071036338806
Transformer compact,17,validation,2017-03-13 00:00:00+00:00,1,0.2360270619392395
Transformer compact,17,validation,2017-03-20 00:00:00+00:00,0,0.23926055431365967
Transformer compact,17,validation,2017-03-27 00:00:00+00:00,1,0.2427588403224945
Transformer compact,17,validation,2017-04-03 00:00:00+00:00,0,0.24650710821151733
Transformer compact,17,validation,2017-04-10 00:00:00+00:00,1,0.23103398084640503
Transformer compact,17,validation,2017-04-17 00:00:00+00:00,1,0.254474937915802
Transformer compact,17,validation,2017-04-24 00:00:00+00:00,1,0.3183616101741791
Transformer compact,17,validation,2017-05-01 00:00:00+00:00,0,0.3451703190803528
Transformer compact,17,validation,2017-05-08 00:00:00+00:00,1,0.3413451313972473
Transformer compact,17,validation,2017-05-15 00:00:00+00:00,0,0.33619117736816406
Transformer compact,17,validation,2017-05-22 00:00:00+00:00,0,0.3349798619747162
Transformer compact,17,validation,2017-05-29 00:00:00+00:00,0,0.22929641604423523
Transformer compact,17,validation,2017-06-05 00:00:00+00:00,0,0.21721547842025757
Transformer compact,17,validation,2017-06-12 00:00:00+00:00,1,0.22183792293071747
Transformer compact,17,validation,2017-06-19 00:00:00+00:00,0,0.2474106252193451
Transformer compact,17,validation,2017-06-26 00:00:00+00:00,1,0.23699955642223358
Transformer compact,17,validation,2017-07-03 00:00:00+00:00,0,0.24988466501235962
Transformer compact,17,validation,2017-07-10 00:00:00+00:00,1,0.25404125452041626
Transformer compact,17,validation,2017-07-17 00:00:00+00:00,0,0.2554876208305359
Transformer compact,17,validation,2017-07-24 00:00:00+00:00,0,0.26100319623947144
Transformer compact,17,validation,2017-07-31 00:00:00+00:00,1,0.24968045949935913
Transformer compact,17,validation,2017-08-07 00:00:00+00:00,1,0.2597024142742157
Transformer compact,17,validation,2017-08-14 00:00:00+00:00,1,0.2837126553058624
Transformer compact,17,validation,2017-08-21 00:00:00+00:00,0,0.26083114743232727
Transformer compact,17,validation,2017-08-28 00:00:00+00:00,0,0.25902295112609863
Transformer compact,17,validation,2017-09-04 00:00:00+00:00,0,0.2463790327310562
Transformer compact,17,validation,2017-09-11 00:00:00+00:00,0,0.25499847531318665
Transformer compact,17,validation,2017-09-18 00:00:00+00:00,1,0.24367175996303558
Transformer compact,17,validation,2017-09-25 00:00:00+00:00,0,0.26831597089767456
Transformer compact,17,validation,2017-10-02 00:00:00+00:00,0,0.2598072588443756
Transformer compact,17,validation,2017-10-09 00:00:00+00:00,0,0.25777870416641235
Transformer compact,17,validation,2017-10-16 00:00:00+00:00,0,0.2581433057785034
Transformer compact,17,validation,2017-10-23 00:00:00+00:00,0,0.2527235150337219
Transformer compact,17,validation,2017-10-30 00:00:00+00:00,0,0.2573640048503876
Transformer compact,17,validation,2017-11-06 00:00:00+00:00,0,0.2527937889099121
Transformer compact,17,validation,2017-11-13 00:00:00+00:00,0,0.2230810970067978
Transformer compact,17,validation,2017-11-20 00:00:00+00:00,0,0.23125940561294556
Transformer compact,17,validation,2017-11-27 00:00:00+00:00,0,0.24782338738441467
Transformer compact,17,validation,2017-12-04 00:00:00+00:00,0,0.22238650918006897
Transformer compact,17,validation,2017-12-11 00:00:00+00:00,0,0.2202988862991333
Transformer compact,17,validation,2017-12-18 00:00:00+00:00,0,0.22078877687454224
Transformer compact,17,validation,2017-12-25 00:00:00+00:00,0,0.21513116359710693
Transformer compact,17,validation,2018-01-01 00:00:00+00:00,0,0.22392335534095764
Transformer compact,17,validation,2018-01-08 00:00:00+00:00,0,0.27416887879371643
Transformer compact,17,validation,2018-01-15 00:00:00+00:00,1,0.2655368745326996
Transformer compact,17,validation,2018-01-22 00:00:00+00:00,0,0.26948943734169006
Transformer compact,17,validation,2018-01-29 00:00:00+00:00,1,0.2466813623905182
Transformer compact,17,validation,2018-02-05 00:00:00+00:00,1,0.2239956259727478
Transformer compact,17,validation,2018-02-12 00:00:00+00:00,0,0.21038833260536194
Transformer compact,17,validation,2018-02-19 00:00:00+00:00,0,0.22410809993743896
Transformer compact,17,validation,2018-02-26 00:00:00+00:00,0,0.2282903641462326
Transformer compact,17,validation,2018-03-05 00:00:00+00:00,0,0.23624292016029358
Transformer compact,17,validation,2018-03-12 00:00:00+00:00,0,0.24049201607704163
Transformer compact,17,validation,2018-03-19 00:00:00+00:00,1,0.2567768096923828
Transformer compact,17,validation,2018-03-26 00:00:00+00:00,0,0.24235840141773224
Transformer compact,17,validation,2018-04-02 00:00:00+00:00,0,0.23999544978141785
Transformer compact,17,validation,2018-04-09 00:00:00+00:00,1,0.22639697790145874
Transformer compact,17,validation,2018-04-16 00:00:00+00:00,0,0.27260249853134155
Transformer compact,17,validation,2018-04-23 00:00:00+00:00,0,0.2610137462615967
Transformer compact,17,validation,2018-04-30 00:00:00+00:00,0,0.2553497552871704
Transformer compact,17,validation,2018-05-07 00:00:00+00:00,0,0.2729674279689789
Transformer compact,17,validation,2018-05-14 00:00:00+00:00,0,0.21231496334075928
Transformer compact,17,validation,2018-05-21 00:00:00+00:00,0,0.21862095594406128
Transformer compact,17,validation,2018-05-28 00:00:00+00:00,0,0.21643118560314178
Transformer compact,17,validation,2018-06-04 00:00:00+00:00,0,0.22648966312408447
Transformer compact,17,validation,2018-06-11 00:00:00+00:00,0,0.24699875712394714
Transformer compact,17,validation,2018-06-18 00:00:00+00:00,0,0.24284976720809937
Transformer compact,17,validation,2018-06-25 00:00:00+00:00,0,0.25136837363243103
Transformer compact,17,validation,2018-07-02 00:00:00+00:00,0,0.24498891830444336
Transformer compact,17,validation,2018-07-09 00:00:00+00:00,0,0.23004192113876343
Transformer compact,17,validation,2018-07-16 00:00:00+00:00,0,0.25117045640945435
Transformer compact,17,validation,2018-07-23 00:00:00+00:00,0,0.24767188727855682
Transformer compact,17,validation,2018-07-30 00:00:00+00:00,0,0.24763552844524384
Transformer compact,17,validation,2018-08-06 00:00:00+00:00,0,0.2557809054851532
Transformer compact,17,validation,2018-08-13 00:00:00+00:00,0,0.24564743041992188
Transformer compact,17,validation,2018-08-20 00:00:00+00:00,0,0.24806424975395203
Transformer compact,17,validation,2018-08-27 00:00:00+00:00,1,0.2785258889198303
Transformer compact,17,validation,2018-09-03 00:00:00+00:00,1,0.23882050812244415
Transformer compact,17,validation,2018-09-10 00:00:00+00:00,1,0.2574107348918915
Transformer compact,17,validation,2018-09-17 00:00:00+00:00,0,0.2603021562099457
Transformer compact,17,validation,2018-09-24 00:00:00+00:00,0,0.25096890330314636
Transformer compact,17,validation,2018-10-01 00:00:00+00:00,0,0.25732091069221497
Transformer compact,17,validation,2018-10-08 00:00:00+00:00,0,0.2358156442642212
Transformer compact,17,validation,2018-10-15 00:00:00+00:00,0,0.24544884264469147
Transformer compact,17,validation,2018-10-22 00:00:00+00:00,0,0.24617241322994232
Transformer compact,17,validation,2018-10-29 00:00:00+00:00,0,0.25030291080474854
Transformer compact,17,validation,2018-11-05 00:00:00+00:00,1,0.24072636663913727
Transformer compact,17,validation,2018-11-12 00:00:00+00:00,0,0.2645208537578583
Transformer compact,17,validation,2018-11-19 00:00:00+00:00,0,0.25362786650657654
Transformer compact,17,validation,2018-11-26 00:00:00+00:00,1,0.23159703612327576
Transformer compact,17,validation,2018-12-03 00:00:00+00:00,1,0.24921059608459473
Transformer compact,17,validation,2018-12-10 00:00:00+00:00,0,0.2363739013671875
Transformer compact,17,validation,2018-12-17 00:00:00+00:00,0,0.2313183695077896
Transformer compact,17,validation,2018-12-24 00:00:00+00:00,0,0.2474237084388733
Transformer compact,17,validation,2018-12-31 00:00:00+00:00,1,0.2449997514486313
Transformer compact,17,validation,2019-01-07 00:00:00+00:00,0,0.2421891838312149
Transformer compact,17,validation,2019-01-14 00:00:00+00:00,1,0.24188590049743652
Transformer compact,17,validation,2019-01-21 00:00:00+00:00,1,0.31132006645202637
Transformer compact,17,validation,2019-01-28 00:00:00+00:00,0,0.2840714156627655
Transformer compact,17,validation,2019-02-04 00:00:00+00:00,0,0.2872236967086792
Transformer compact,17,validation,2019-02-11 00:00:00+00:00,0,0.2808553874492645
Transformer compact,17,validation,2019-02-18 00:00:00+00:00,0,0.2728872299194336
Transformer compact,17,validation,2019-02-25 00:00:00+00:00,1,0.21913109719753265
Transformer compact,17,validation,2019-03-04 00:00:00+00:00,1,0.23957021534442902
Transformer compact,17,validation,2019-03-11 00:00:00+00:00,1,0.23855194449424744
Transformer compact,17,validation,2019-03-18 00:00:00+00:00,0,0.23631994426250458
Transformer compact,17,validation,2019-03-25 00:00:00+00:00,0,0.2507898509502411
Transformer compact,17,validation,2019-04-01 00:00:00+00:00,1,0.26709648966789246
Transformer compact,17,validation,2019-04-08 00:00:00+00:00,0,0.2516816258430481
Transformer compact,17,validation,2019-04-15 00:00:00+00:00,1,0.25155171751976013
Transformer compact,17,validation,2019-04-22 00:00:00+00:00,0,0.27492624521255493
Transformer compact,17,validation,2019-04-29 00:00:00+00:00,0,0.24173972010612488
Transformer compact,17,validation,2019-05-06 00:00:00+00:00,0,0.24243175983428955
Transformer compact,17,validation,2019-05-13 00:00:00+00:00,1,0.24769461154937744
Transformer compact,17,validation,2019-05-20 00:00:00+00:00,1,0.22240249812602997
Transformer compact,17,validation,2019-05-27 00:00:00+00:00,0,0.24971550703048706
Transformer compact,17,validation,2019-06-03 00:00:00+00:00,0,0.2737979590892792
Transformer compact,17,validation,2019-06-10 00:00:00+00:00,1,0.25096395611763
Transformer compact,17,validation,2019-06-17 00:00:00+00:00,0,0.3039827346801758
Transformer compact,17,validation,2019-06-24 00:00:00+00:00,1,0.2959732711315155
Transformer compact,17,validation,2019-07-01 00:00:00+00:00,0,0.29041966795921326
Transformer compact,17,validation,2019-07-08 00:00:00+00:00,0,0.28434449434280396
Transformer compact,17,validation,2019-07-15 00:00:00+00:00,0,0.19809962809085846
Transformer compact,17,validation,2019-07-22 00:00:00+00:00,0,0.20157743990421295
Transformer compact,17,validation,2019-07-29 00:00:00+00:00,0,0.194737508893013
Transformer compact,17,validation,2019-08-05 00:00:00+00:00,0,0.2237142026424408
Transformer compact,17,validation,2019-08-12 00:00:00+00:00,0,0.23843304812908173
Transformer compact,17,validation,2019-08-19 00:00:00+00:00,0,0.23935073614120483
Transformer compact,17,validation,2019-08-26 00:00:00+00:00,0,0.22781282663345337
Transformer compact,17,validation,2019-09-02 00:00:00+00:00,0,0.21404147148132324
Transformer compact,17,validation,2019-09-09 00:00:00+00:00,0,0.2291535586118698
Transformer compact,17,validation,2019-09-16 00:00:00+00:00,0,0.24666418135166168
Transformer compact,17,validation,2019-09-23 00:00:00+00:00,1,0.24635644257068634
Transformer compact,17,validation,2019-09-30 00:00:00+00:00,0,0.27390584349632263
Transformer compact,17,validation,2019-10-07 00:00:00+00:00,0,0.26188063621520996
Transformer compact,17,validation,2019-10-14 00:00:00+00:00,0,0.25985971093177795
Transformer compact,17,validation,2019-10-21 00:00:00+00:00,0,0.24794398248195648
Transformer compact,17,validation,2019-10-28 00:00:00+00:00,1,0.20489278435707092
Transformer compact,17,validation,2019-11-04 00:00:00+00:00,1,0.2034197598695755
Transformer compact,17,validation,2019-11-11 00:00:00+00:00,0,0.25634926557540894
Transformer compact,17,validation,2019-11-18 00:00:00+00:00,1,0.2497272491455078
Transformer compact,17,validation,2019-11-25 00:00:00+00:00,0,0.24898213148117065
Transformer compact,17,validation,2019-12-02 00:00:00+00:00,0,0.255423367023468
Transformer compact,17,validation,2019-12-09 00:00:00+00:00,0,0.23098474740982056
Transformer compact,17,validation,2019-12-16 00:00:00+00:00,0,0.22879661619663239
Transformer compact,17,validation,2019-12-23 00:00:00+00:00,0,0.24042104184627533
Transformer compact,17,validation,2019-12-30 00:00:00+00:00,1,0.23904351890087128
Transformer compact,17,validation,2020-01-06 00:00:00+00:00,0,0.22903649508953094
Transformer compact,17,validation,2020-01-13 00:00:00+00:00,0,0.22996459901332855
Transformer compact,17,validation,2020-01-20 00:00:00+00:00,0,0.21161310374736786
Transformer compact,17,validation,2020-01-27 00:00:00+00:00,1,0.224239319562912
Transformer compact,17,validation,2020-02-03 00:00:00+00:00,0,0.24397024512290955
Transformer compact,17,validation,2020-02-10 00:00:00+00:00,0,0.25446566939353943
Transformer compact,17,validation,2020-02-17 00:00:00+00:00,0,0.25919991731643677
Transformer compact,17,validation,2020-02-24 00:00:00+00:00,0,0.25624343752861023
Transformer compact,17,validation,2020-03-02 00:00:00+00:00,0,0.236351877450943
Transformer compact,17,validation,2020-03-09 00:00:00+00:00,0,0.23053640127182007
Transformer compact,17,validation,2020-03-16 00:00:00+00:00,0,0.23686443269252777
Transformer compact,17,validation,2020-03-23 00:00:00+00:00,0,0.2324870079755783
Transformer compact,17,validation,2020-03-30 00:00:00+00:00,0,0.2543596625328064
Transformer compact,17,validation,2020-04-06 00:00:00+00:00,0,0.24211546778678894
Transformer compact,17,validation,2020-04-13 00:00:00+00:00,0,0.22993868589401245
Transformer compact,17,validation,2020-04-20 00:00:00+00:00,0,0.2174980193376541
Transformer compact,17,validation,2020-04-27 00:00:00+00:00,0,0.23195621371269226
Transformer compact,17,validation,2020-05-04 00:00:00+00:00,0,0.23595724999904633
Transformer compact,17,validation,2020-05-11 00:00:00+00:00,0,0.22547350823879242
Transformer compact,17,validation,2020-05-18 00:00:00+00:00,1,0.2548070549964905
Transformer compact,17,validation,2020-05-25 00:00:00+00:00,0,0.26535820960998535
Transformer compact,17,validation,2020-06-01 00:00:00+00:00,0,0.24154794216156006
Transformer compact,17,validation,2020-06-08 00:00:00+00:00,0,0.24944369494915009
Transformer compact,17,validation,2020-06-15 00:00:00+00:00,0,0.24469056725502014
Transformer compact,17,validation,2020-06-22 00:00:00+00:00,1,0.2487628012895584
Transformer compact,17,validation,2020-06-29 00:00:00+00:00,0,0.23948106169700623
Transformer compact,17,validation,2020-07-06 00:00:00+00:00,0,0.2247522622346878
Transformer compact,17,validation,2020-07-13 00:00:00+00:00,0,0.22139546275138855
Transformer compact,17,validation,2020-07-20 00:00:00+00:00,0,0.23673821985721588
Transformer compact,17,validation,2020-07-27 00:00:00+00:00,0,0.21854190528392792
Transformer compact,17,validation,2020-08-03 00:00:00+00:00,0,0.25952181220054626
Transformer compact,17,validation,2020-08-10 00:00:00+00:00,0,0.28702065348625183
Transformer compact,17,validation,2020-08-17 00:00:00+00:00,0,0.2224728763103485
Transformer compact,17,validation,2020-08-24 00:00:00+00:00,0,0.2207115888595581
Transformer compact,17,validation,2020-08-31 00:00:00+00:00,1,0.21611283719539642
Transformer compact,17,validation,2020-09-07 00:00:00+00:00,0,0.30865511298179626
Transformer compact,17,validation,2020-09-14 00:00:00+00:00,0,0.3169558346271515
Transformer compact,17,validation,2020-09-21 00:00:00+00:00,0,0.30577462911605835
Transformer compact,17,validation,2020-09-28 00:00:00+00:00,0,0.30736279487609863
Transformer compact,17,validation,2020-10-05 00:00:00+00:00,0,0.2820872962474823
Transformer compact,17,validation,2020-10-12 00:00:00+00:00,0,0.19791780412197113
Transformer compact,17,validation,2020-10-19 00:00:00+00:00,0,0.2156175673007965
Transformer compact,17,validation,2020-10-26 00:00:00+00:00,1,0.22635619342327118
Transformer compact,17,validation,2020-11-02 00:00:00+00:00,0,0.251747727394104
Transformer compact,17,validation,2020-11-09 00:00:00+00:00,0,0.2657148241996765
Transformer compact,17,validation,2020-11-16 00:00:00+00:00,1,0.2681894302368164
Transformer compact,17,validation,2020-11-23 00:00:00+00:00,0,0.26945096254348755
Transformer compact,17,validation,2020-11-30 00:00:00+00:00,0,0.24865955114364624
Transformer compact,17,validation,2020-12-07 00:00:00+00:00,1,0.23839512467384338
Transformer compact,17,validation,2020-12-14 00:00:00+00:00,0,0.23045654594898224
Transformer compact,17,validation,2020-12-21 00:00:00+00:00,0,0.22890561819076538
LSTM catalogue,17,validation,2017-01-02 00:00:00+00:00,0,0.21959543228149414
LSTM catalogue,17,validation,2017-01-09 00:00:00+00:00,0,0.19052840769290924
LSTM catalogue,17,validation,2017-01-16 00:00:00+00:00,0,0.2451293021440506
LSTM catalogue,17,validation,2017-01-23 00:00:00+00:00,0,0.22012262046337128
LSTM catalogue,17,validation,2017-01-30 00:00:00+00:00,1,0.22363555431365967
LSTM catalogue,17,validation,2017-02-06 00:00:00+00:00,0,0.28133776783943176
LSTM catalogue,17,validation,2017-02-13 00:00:00+00:00,1,0.22374264895915985
LSTM catalogue,17,validation,2017-02-20 00:00:00+00:00,1,0.32139334082603455
LSTM catalogue,17,validation,2017-02-27 00:00:00+00:00,0,0.23136025667190552
LSTM catalogue,17,validation,2017-03-06 00:00:00+00:00,1,0.2217913717031479
LSTM catalogue,17,validation,2017-03-13 00:00:00+00:00,1,0.23393958806991577
LSTM catalogue,17,validation,2017-03-20 00:00:00+00:00,0,0.2513774335384369
LSTM catalogue,17,validation,2017-03-27 00:00:00+00:00,1,0.22070340812206268
LSTM catalogue,17,validation,2017-04-03 00:00:00+00:00,0,0.22385750710964203
LSTM catalogue,17,validation,2017-04-10 00:00:00+00:00,1,0.22504441440105438
LSTM catalogue,17,validation,2017-04-17 00:00:00+00:00,1,0.22581283748149872
LSTM catalogue,17,validation,2017-04-24 00:00:00+00:00,1,0.40044865012168884
LSTM catalogue,17,validation,2017-05-01 00:00:00+00:00,0,0.5664331912994385
LSTM catalogue,17,validation,2017-05-08 00:00:00+00:00,1,0.38173922896385193
LSTM catalogue,17,validation,2017-05-15 00:00:00+00:00,0,0.2757279574871063
LSTM catalogue,17,validation,2017-05-22 00:00:00+00:00,0,0.24223542213439941
LSTM catalogue,17,validation,2017-05-29 00:00:00+00:00,0,0.2013295292854309
LSTM catalogue,17,validation,2017-06-05 00:00:00+00:00,0,0.24087177217006683
LSTM catalogue,17,validation,2017-06-12 00:00:00+00:00,1,0.20867091417312622
LSTM catalogue,17,validation,2017-06-19 00:00:00+00:00,0,0.1786060631275177
LSTM catalogue,17,validation,2017-06-26 00:00:00+00:00,1,0.2287748008966446
LSTM catalogue,17,validation,2017-07-03 00:00:00+00:00,0,0.2207060605287552
LSTM catalogue,17,validation,2017-07-10 00:00:00+00:00,1,0.21599407494068146
LSTM catalogue,17,validation,2017-07-17 00:00:00+00:00,0,0.26525574922561646
LSTM catalogue,17,validation,2017-07-24 00:00:00+00:00,0,0.220145583152771
LSTM catalogue,17,validation,2017-07-31 00:00:00+00:00,1,0.21620990335941315
LSTM catalogue,17,validation,2017-08-07 00:00:00+00:00,1,0.2332627773284912
LSTM catalogue,17,validation,2017-08-14 00:00:00+00:00,1,0.25451216101646423
LSTM catalogue,17,validation,2017-08-21 00:00:00+00:00,0,0.24278217554092407
LSTM catalogue,17,validation,2017-08-28 00:00:00+00:00,0,0.22715945541858673
LSTM catalogue,17,validation,2017-09-04 00:00:00+00:00,0,0.2155071645975113
LSTM catalogue,17,validation,2017-09-11 00:00:00+00:00,0,0.21567504107952118
LSTM catalogue,17,validation,2017-09-18 00:00:00+00:00,1,0.21956445276737213
LSTM catalogue,17,validation,2017-09-25 00:00:00+00:00,0,0.27194249629974365
LSTM catalogue,17,validation,2017-10-02 00:00:00+00:00,0,0.23194235563278198
LSTM catalogue,17,validation,2017-10-09 00:00:00+00:00,0,0.21607179939746857
LSTM catalogue,17,validation,2017-10-16 00:00:00+00:00,0,0.16621536016464233
LSTM catalogue,17,validation,2017-10-23 00:00:00+00:00,0,0.21825240552425385
LSTM catalogue,17,validation,2017-10-30 00:00:00+00:00,0,0.22309254109859467
LSTM catalogue,17,validation,2017-11-06 00:00:00+00:00,0,0.21587130427360535
LSTM catalogue,17,validation,2017-11-13 00:00:00+00:00,0,0.244831845164299
LSTM catalogue,17,validation,2017-11-20 00:00:00+00:00,0,0.22338490188121796
LSTM catalogue,17,validation,2017-11-27 00:00:00+00:00,0,0.17729493975639343
LSTM catalogue,17,validation,2017-12-04 00:00:00+00:00,0,0.23556318879127502
LSTM catalogue,17,validation,2017-12-11 00:00:00+00:00,0,0.26380279660224915
LSTM catalogue,17,validation,2017-12-18 00:00:00+00:00,0,0.23277761042118073
LSTM catalogue,17,validation,2017-12-25 00:00:00+00:00,0,0.2276378720998764
LSTM catalogue,17,validation,2018-01-01 00:00:00+00:00,0,0.22211578488349915
LSTM catalogue,17,validation,2018-01-08 00:00:00+00:00,0,0.2127247005701065
LSTM catalogue,17,validation,2018-01-15 00:00:00+00:00,1,0.2123337984085083
LSTM catalogue,17,validation,2018-01-22 00:00:00+00:00,0,0.23926009237766266
LSTM catalogue,17,validation,2018-01-29 00:00:00+00:00,1,0.22277408838272095
LSTM catalogue,17,validation,2018-02-05 00:00:00+00:00,1,0.3020525276660919
LSTM catalogue,17,validation,2018-02-12 00:00:00+00:00,0,0.3269447982311249
LSTM catalogue,17,validation,2018-02-19 00:00:00+00:00,0,0.25037896633148193
LSTM catalogue,17,validation,2018-02-26 00:00:00+00:00,0,0.22544384002685547
LSTM catalogue,17,validation,2018-03-05 00:00:00+00:00,0,0.16660280525684357
LSTM catalogue,17,validation,2018-03-12 00:00:00+00:00,0,0.21752797067165375
LSTM catalogue,17,validation,2018-03-19 00:00:00+00:00,1,0.22218912839889526
LSTM catalogue,17,validation,2018-03-26 00:00:00+00:00,0,0.22511020302772522
LSTM catalogue,17,validation,2018-04-02 00:00:00+00:00,0,0.1678740531206131
LSTM catalogue,17,validation,2018-04-09 00:00:00+00:00,1,0.23100674152374268
LSTM catalogue,17,validation,2018-04-16 00:00:00+00:00,0,0.1815997213125229
LSTM catalogue,17,validation,2018-04-23 00:00:00+00:00,0,0.24180573225021362
LSTM catalogue,17,validation,2018-04-30 00:00:00+00:00,0,0.22820331156253815
LSTM catalogue,17,validation,2018-05-07 00:00:00+00:00,0,0.24659903347492218
LSTM catalogue,17,validation,2018-05-14 00:00:00+00:00,0,0.2339254915714264
LSTM catalogue,17,validation,2018-05-21 00:00:00+00:00,0,0.21776440739631653
LSTM catalogue,17,validation,2018-05-28 00:00:00+00:00,0,0.17107228934764862
LSTM catalogue,17,validation,2018-06-04 00:00:00+00:00,0,0.2242012917995453
LSTM catalogue,17,validation,2018-06-11 00:00:00+00:00,0,0.2141629010438919
LSTM catalogue,17,validation,2018-06-18 00:00:00+00:00,0,0.21057556569576263
LSTM catalogue,17,validation,2018-06-25 00:00:00+00:00,0,0.21515478193759918
LSTM catalogue,17,validation,2018-07-02 00:00:00+00:00,0,0.18057212233543396
LSTM catalogue,17,validation,2018-07-09 00:00:00+00:00,0,0.23669962584972382
LSTM catalogue,17,validation,2018-07-16 00:00:00+00:00,0,0.2206587791442871
LSTM catalogue,17,validation,2018-07-23 00:00:00+00:00,0,0.20097851753234863
LSTM catalogue,17,validation,2018-07-30 00:00:00+00:00,0,0.21999618411064148
LSTM catalogue,17,validation,2018-08-06 00:00:00+00:00,0,0.21961016952991486
LSTM catalogue,17,validation,2018-08-13 00:00:00+00:00,0,0.2123599797487259
LSTM catalogue,17,validation,2018-08-20 00:00:00+00:00,0,0.2115769386291504
LSTM catalogue,17,validation,2018-08-27 00:00:00+00:00,1,0.2110501229763031
LSTM catalogue,17,validation,2018-09-03 00:00:00+00:00,1,0.27514809370040894
LSTM catalogue,17,validation,2018-09-10 00:00:00+00:00,1,0.3959435522556305
LSTM catalogue,17,validation,2018-09-17 00:00:00+00:00,0,0.308287113904953
LSTM catalogue,17,validation,2018-09-24 00:00:00+00:00,0,0.24776646494865417
LSTM catalogue,17,validation,2018-10-01 00:00:00+00:00,0,0.21614502370357513
LSTM catalogue,17,validation,2018-10-08 00:00:00+00:00,0,0.16459417343139648
LSTM catalogue,17,validation,2018-10-15 00:00:00+00:00,0,0.22139936685562134
LSTM catalogue,17,validation,2018-10-22 00:00:00+00:00,0,0.21471071243286133
LSTM catalogue,17,validation,2018-10-29 00:00:00+00:00,0,0.21526198089122772
LSTM catalogue,17,validation,2018-11-05 00:00:00+00:00,1,0.21595421433448792
LSTM catalogue,17,validation,2018-11-12 00:00:00+00:00,0,0.22258271276950836
LSTM catalogue,17,validation,2018-11-19 00:00:00+00:00,0,0.21086619794368744
LSTM catalogue,17,validation,2018-11-26 00:00:00+00:00,1,0.22854647040367126
LSTM catalogue,17,validation,2018-12-03 00:00:00+00:00,1,0.252644419670105
LSTM catalogue,17,validation,2018-12-10 00:00:00+00:00,0,0.4113975167274475
LSTM catalogue,17,validation,2018-12-17 00:00:00+00:00,0,0.28913629055023193
LSTM catalogue,17,validation,2018-12-24 00:00:00+00:00,0,0.22691293060779572
LSTM catalogue,17,validation,2018-12-31 00:00:00+00:00,1,0.22386115789413452
LSTM catalogue,17,validation,2019-01-07 00:00:00+00:00,0,0.21315288543701172
LSTM catalogue,17,validation,2019-01-14 00:00:00+00:00,1,0.23027099668979645
LSTM catalogue,17,validation,2019-01-21 00:00:00+00:00,1,0.41128650307655334
LSTM catalogue,17,validation,2019-01-28 00:00:00+00:00,0,0.5328459739685059
LSTM catalogue,17,validation,2019-02-04 00:00:00+00:00,0,0.3079643249511719
LSTM catalogue,17,validation,2019-02-11 00:00:00+00:00,0,0.19575800001621246
LSTM catalogue,17,validation,2019-02-18 00:00:00+00:00,0,0.2498205155134201
LSTM catalogue,17,validation,2019-02-25 00:00:00+00:00,1,0.2786949574947357
LSTM catalogue,17,validation,2019-03-04 00:00:00+00:00,1,0.45422419905662537
LSTM catalogue,17,validation,2019-03-11 00:00:00+00:00,1,0.32673290371894836
LSTM catalogue,17,validation,2019-03-18 00:00:00+00:00,0,0.28567034006118774
LSTM catalogue,17,validation,2019-03-25 00:00:00+00:00,0,0.2659817636013031
LSTM catalogue,17,validation,2019-04-01 00:00:00+00:00,1,0.22311635315418243
LSTM catalogue,17,validation,2019-04-08 00:00:00+00:00,0,0.32267439365386963
LSTM catalogue,17,validation,2019-04-15 00:00:00+00:00,1,0.2797236144542694
LSTM catalogue,17,validation,2019-04-22 00:00:00+00:00,0,0.24642807245254517
LSTM catalogue,17,validation,2019-04-29 00:00:00+00:00,0,0.20870056748390198
LSTM catalogue,17,validation,2019-05-06 00:00:00+00:00,0,0.2905804216861725
LSTM catalogue,17,validation,2019-05-13 00:00:00+00:00,1,0.23097260296344757
LSTM catalogue,17,validation,2019-05-20 00:00:00+00:00,1,0.23173581063747406
LSTM catalogue,17,validation,2019-05-27 00:00:00+00:00,0,0.2209121137857437
LSTM catalogue,17,validation,2019-06-03 00:00:00+00:00,0,0.2050737887620926
LSTM catalogue,17,validation,2019-06-10 00:00:00+00:00,1,0.21432538330554962
LSTM catalogue,17,validation,2019-06-17 00:00:00+00:00,0,0.23572853207588196
LSTM catalogue,17,validation,2019-06-24 00:00:00+00:00,1,0.2333739697933197
LSTM catalogue,17,validation,2019-07-01 00:00:00+00:00,0,0.17468422651290894
LSTM catalogue,17,validation,2019-07-08 00:00:00+00:00,0,0.29110953211784363
LSTM catalogue,17,validation,2019-07-15 00:00:00+00:00,0,0.2614345848560333
LSTM catalogue,17,validation,2019-07-22 00:00:00+00:00,0,0.26185694336891174
LSTM catalogue,17,validation,2019-07-29 00:00:00+00:00,0,0.24483390152454376
LSTM catalogue,17,validation,2019-08-05 00:00:00+00:00,0,0.21816982328891754
LSTM catalogue,17,validation,2019-08-12 00:00:00+00:00,0,0.21176333725452423
LSTM catalogue,17,validation,2019-08-19 00:00:00+00:00,0,0.22658158838748932
LSTM catalogue,17,validation,2019-08-26 00:00:00+00:00,0,0.2332223355770111
LSTM catalogue,17,validation,2019-09-02 00:00:00+00:00,0,0.2366102784872055
LSTM catalogue,17,validation,2019-09-09 00:00:00+00:00,0,0.2259427011013031
LSTM catalogue,17,validation,2019-09-16 00:00:00+00:00,0,0.23121720552444458
LSTM catalogue,17,validation,2019-09-23 00:00:00+00:00,1,0.22635656595230103
LSTM catalogue,17,validation,2019-09-30 00:00:00+00:00,0,0.2274332493543625
LSTM catalogue,17,validation,2019-10-07 00:00:00+00:00,0,0.2092573344707489
LSTM catalogue,17,validation,2019-10-14 00:00:00+00:00,0,0.20619092881679535
LSTM catalogue,17,validation,2019-10-21 00:00:00+00:00,0,0.21228791773319244
LSTM catalogue,17,validation,2019-10-28 00:00:00+00:00,1,0.2360547035932541
LSTM catalogue,17,validation,2019-11-04 00:00:00+00:00,1,0.3355817496776581
LSTM catalogue,17,validation,2019-11-11 00:00:00+00:00,0,0.2520156800746918
LSTM catalogue,17,validation,2019-11-18 00:00:00+00:00,1,0.23784278333187103
LSTM catalogue,17,validation,2019-11-25 00:00:00+00:00,0,0.18783164024353027
LSTM catalogue,17,validation,2019-12-02 00:00:00+00:00,0,0.2503051161766052
LSTM catalogue,17,validation,2019-12-09 00:00:00+00:00,0,0.22151771187782288
LSTM catalogue,17,validation,2019-12-16 00:00:00+00:00,0,0.22152064740657806
LSTM catalogue,17,validation,2019-12-23 00:00:00+00:00,0,0.21454471349716187
LSTM catalogue,17,validation,2019-12-30 00:00:00+00:00,1,0.21022552251815796
LSTM catalogue,17,validation,2020-01-06 00:00:00+00:00,0,0.24815693497657776
LSTM catalogue,17,validation,2020-01-13 00:00:00+00:00,0,0.2324918955564499
LSTM catalogue,17,validation,2020-01-20 00:00:00+00:00,0,0.22310622036457062
LSTM catalogue,17,validation,2020-01-27 00:00:00+00:00,1,0.22610914707183838
LSTM catalogue,17,validation,2020-02-03 00:00:00+00:00,0,0.23938266932964325
LSTM catalogue,17,validation,2020-02-10 00:00:00+00:00,0,0.21217574179172516
LSTM catalogue,17,validation,2020-02-17 00:00:00+00:00,0,0.2102264165878296
LSTM catalogue,17,validation,2020-02-24 00:00:00+00:00,0,0.21588234603405
LSTM catalogue,17,validation,2020-03-02 00:00:00+00:00,0,0.2359755039215088
LSTM catalogue,17,validation,2020-03-09 00:00:00+00:00,0,0.22034500539302826
LSTM catalogue,17,validation,2020-03-16 00:00:00+00:00,0,0.2184619903564453
LSTM catalogue,17,validation,2020-03-23 00:00:00+00:00,0,0.21729226410388947
LSTM catalogue,17,validation,2020-03-30 00:00:00+00:00,0,0.2194887101650238
LSTM catalogue,17,validation,2020-04-06 00:00:00+00:00,0,0.2162189483642578
LSTM catalogue,17,validation,2020-04-13 00:00:00+00:00,0,0.22812408208847046
LSTM catalogue,17,validation,2020-04-20 00:00:00+00:00,0,0.2554686665534973
LSTM catalogue,17,validation,2020-04-27 00:00:00+00:00,0,0.22192944586277008
LSTM catalogue,17,validation,2020-05-04 00:00:00+00:00,0,0.2153865098953247
LSTM catalogue,17,validation,2020-05-11 00:00:00+00:00,0,0.24038009345531464
LSTM catalogue,17,validation,2020-05-18 00:00:00+00:00,1,0.21744424104690552
LSTM catalogue,17,validation,2020-05-25 00:00:00+00:00,0,0.22341300547122955
LSTM catalogue,17,validation,2020-06-01 00:00:00+00:00,0,0.19781948626041412
LSTM catalogue,17,validation,2020-06-08 00:00:00+00:00,0,0.21602927148342133
LSTM catalogue,17,validation,2020-06-15 00:00:00+00:00,0,0.21213065087795258
LSTM catalogue,17,validation,2020-06-22 00:00:00+00:00,1,0.2127690315246582
LSTM catalogue,17,validation,2020-06-29 00:00:00+00:00,0,0.16555039584636688
LSTM catalogue,17,validation,2020-07-06 00:00:00+00:00,0,0.2441462129354477
LSTM catalogue,17,validation,2020-07-13 00:00:00+00:00,0,0.24679365754127502
LSTM catalogue,17,validation,2020-07-20 00:00:00+00:00,0,0.2242392748594284
LSTM catalogue,17,validation,2020-07-27 00:00:00+00:00,0,0.21876399219036102
LSTM catalogue,17,validation,2020-08-03 00:00:00+00:00,0,0.21236030757427216
LSTM catalogue,17,validation,2020-08-10 00:00:00+00:00,0,0.20821085572242737
LSTM catalogue,17,validation,2020-08-17 00:00:00+00:00,0,0.28215712308883667
LSTM catalogue,17,validation,2020-08-24 00:00:00+00:00,0,0.24979475140571594
LSTM catalogue,17,validation,2020-08-31 00:00:00+00:00,1,0.23015807569026947
LSTM catalogue,17,validation,2020-09-07 00:00:00+00:00,0,0.4058046042919159
LSTM catalogue,17,validation,2020-09-14 00:00:00+00:00,0,0.200786754488945
LSTM catalogue,17,validation,2020-09-21 00:00:00+00:00,0,0.22271522879600525
LSTM catalogue,17,validation,2020-09-28 00:00:00+00:00,0,0.22557304799556732
LSTM catalogue,17,validation,2020-10-05 00:00:00+00:00,0,0.2553531229496002
LSTM catalogue,17,validation,2020-10-12 00:00:00+00:00,0,0.24918290972709656
LSTM catalogue,17,validation,2020-10-19 00:00:00+00:00,0,0.24632799625396729
LSTM catalogue,17,validation,2020-10-26 00:00:00+00:00,1,0.22432510554790497
LSTM catalogue,17,validation,2020-11-02 00:00:00+00:00,0,0.23132623732089996
LSTM catalogue,17,validation,2020-11-09 00:00:00+00:00,0,0.20782075822353363
LSTM catalogue,17,validation,2020-11-16 00:00:00+00:00,1,0.20407865941524506
LSTM catalogue,17,validation,2020-11-23 00:00:00+00:00,0,0.26244184374809265
LSTM catalogue,17,validation,2020-11-30 00:00:00+00:00,0,0.23326286673545837
LSTM catalogue,17,validation,2020-12-07 00:00:00+00:00,1,0.21502839028835297
LSTM catalogue,17,validation,2020-12-14 00:00:00+00:00,0,0.20781360566616058
LSTM catalogue,17,validation,2020-12-21 00:00:00+00:00,0,0.24286380410194397
LSTM catalogue,27,validation,2017-01-02 00:00:00+00:00,0,0.23760752379894257
LSTM catalogue,27,validation,2017-01-09 00:00:00+00:00,0,0.18108104169368744
LSTM catalogue,27,validation,2017-01-16 00:00:00+00:00,0,0.23319953680038452
LSTM catalogue,27,validation,2017-01-23 00:00:00+00:00,0,0.22553196549415588
LSTM catalogue,27,validation,2017-01-30 00:00:00+00:00,1,0.23038481175899506
LSTM catalogue,27,validation,2017-02-06 00:00:00+00:00,0,0.2547615170478821
LSTM catalogue,27,validation,2017-02-13 00:00:00+00:00,1,0.2133185714483261
LSTM catalogue,27,validation,2017-02-20 00:00:00+00:00,1,0.2577055096626282
LSTM catalogue,27,validation,2017-02-27 00:00:00+00:00,0,0.1918661892414093
LSTM catalogue,27,validation,2017-03-06 00:00:00+00:00,1,0.2265787422657013
LSTM catalogue,27,validation,2017-03-13 00:00:00+00:00,1,0.23469139635562897
LSTM catalogue,27,validation,2017-03-20 00:00:00+00:00,0,0.2243562787771225
LSTM catalogue,27,validation,2017-03-27 00:00:00+00:00,1,0.2227092981338501
LSTM catalogue,27,validation,2017-04-03 00:00:00+00:00,0,0.22295458614826202
LSTM catalogue,27,validation,2017-04-10 00:00:00+00:00,1,0.22835470736026764
LSTM catalogue,27,validation,2017-04-17 00:00:00+00:00,1,0.22219116985797882
LSTM catalogue,27,validation,2017-04-24 00:00:00+00:00,1,0.37934550642967224
LSTM catalogue,27,validation,2017-05-01 00:00:00+00:00,0,0.6280888319015503
LSTM catalogue,27,validation,2017-05-08 00:00:00+00:00,1,0.4217822551727295
LSTM catalogue,27,validation,2017-05-15 00:00:00+00:00,0,0.3473499119281769
LSTM catalogue,27,validation,2017-05-22 00:00:00+00:00,0,0.2703762650489807
LSTM catalogue,27,validation,2017-05-29 00:00:00+00:00,0,0.21315348148345947
LSTM catalogue,27,validation,2017-06-05 00:00:00+00:00,0,0.23495160043239594
LSTM catalogue,27,validation,2017-06-12 00:00:00+00:00,1,0.22482484579086304
LSTM catalogue,27,validation,2017-06-19 00:00:00+00:00,0,0.18938153982162476
LSTM catalogue,27,validation,2017-06-26 00:00:00+00:00,1,0.2323659211397171
LSTM catalogue,27,validation,2017-07-03 00:00:00+00:00,0,0.22180192172527313
LSTM catalogue,27,validation,2017-07-10 00:00:00+00:00,1,0.21890269219875336
LSTM catalogue,27,validation,2017-07-17 00:00:00+00:00,0,0.24230602383613586
LSTM catalogue,27,validation,2017-07-24 00:00:00+00:00,0,0.22193443775177002
LSTM catalogue,27,validation,2017-07-31 00:00:00+00:00,1,0.2213592231273651
LSTM catalogue,27,validation,2017-08-07 00:00:00+00:00,1,0.23094922304153442
LSTM catalogue,27,validation,2017-08-14 00:00:00+00:00,1,0.24959035217761993
LSTM catalogue,27,validation,2017-08-21 00:00:00+00:00,0,0.2251225858926773
LSTM catalogue,27,validation,2017-08-28 00:00:00+00:00,0,0.2226337194442749
LSTM catalogue,27,validation,2017-09-04 00:00:00+00:00,0,0.2224487066268921
LSTM catalogue,27,validation,2017-09-11 00:00:00+00:00,0,0.22613614797592163
LSTM catalogue,27,validation,2017-09-18 00:00:00+00:00,1,0.2258511781692505
LSTM catalogue,27,validation,2017-09-25 00:00:00+00:00,0,0.23757363855838776
LSTM catalogue,27,validation,2017-10-02 00:00:00+00:00,0,0.2256668359041214
LSTM catalogue,27,validation,2017-10-09 00:00:00+00:00,0,0.2228459268808365
LSTM catalogue,27,validation,2017-10-16 00:00:00+00:00,0,0.16867642104625702
LSTM catalogue,27,validation,2017-10-23 00:00:00+00:00,0,0.2234847992658615
LSTM catalogue,27,validation,2017-10-30 00:00:00+00:00,0,0.22679227590560913
LSTM catalogue,27,validation,2017-11-06 00:00:00+00:00,0,0.2243126928806305
LSTM catalogue,27,validation,2017-11-13 00:00:00+00:00,0,0.23577754199504852
LSTM catalogue,27,validation,2017-11-20 00:00:00+00:00,0,0.22785219550132751
LSTM catalogue,27,validation,2017-11-27 00:00:00+00:00,0,0.16994605958461761
LSTM catalogue,27,validation,2017-12-04 00:00:00+00:00,0,0.232822448015213
LSTM catalogue,27,validation,2017-12-11 00:00:00+00:00,0,0.2437773048877716
LSTM catalogue,27,validation,2017-12-18 00:00:00+00:00,0,0.23631949722766876
LSTM catalogue,27,validation,2017-12-25 00:00:00+00:00,0,0.24584604799747467
LSTM catalogue,27,validation,2018-01-01 00:00:00+00:00,0,0.23113378882408142
LSTM catalogue,27,validation,2018-01-08 00:00:00+00:00,0,0.22186553478240967
LSTM catalogue,27,validation,2018-01-15 00:00:00+00:00,1,0.22158922255039215
LSTM catalogue,27,validation,2018-01-22 00:00:00+00:00,0,0.2215210348367691
LSTM catalogue,27,validation,2018-01-29 00:00:00+00:00,1,0.22025637328624725
LSTM catalogue,27,validation,2018-02-05 00:00:00+00:00,1,0.25107520818710327
LSTM catalogue,27,validation,2018-02-12 00:00:00+00:00,0,0.28137660026550293
LSTM catalogue,27,validation,2018-02-19 00:00:00+00:00,0,0.26641324162483215
LSTM catalogue,27,validation,2018-02-26 00:00:00+00:00,0,0.24191848933696747
LSTM catalogue,27,validation,2018-03-05 00:00:00+00:00,0,0.17279137670993805
LSTM catalogue,27,validation,2018-03-12 00:00:00+00:00,0,0.22306817770004272
LSTM catalogue,27,validation,2018-03-19 00:00:00+00:00,1,0.22625775635242462
LSTM catalogue,27,validation,2018-03-26 00:00:00+00:00,0,0.2260054349899292
LSTM catalogue,27,validation,2018-04-02 00:00:00+00:00,0,0.17339608073234558
LSTM catalogue,27,validation,2018-04-09 00:00:00+00:00,1,0.23049814999103546
LSTM catalogue,27,validation,2018-04-16 00:00:00+00:00,0,0.18636193871498108
LSTM catalogue,27,validation,2018-04-23 00:00:00+00:00,0,0.22629284858703613
LSTM catalogue,27,validation,2018-04-30 00:00:00+00:00,0,0.22711804509162903
LSTM catalogue,27,validation,2018-05-07 00:00:00+00:00,0,0.22487126290798187
LSTM catalogue,27,validation,2018-05-14 00:00:00+00:00,0,0.24295879900455475
LSTM catalogue,27,validation,2018-05-21 00:00:00+00:00,0,0.22174310684204102
LSTM catalogue,27,validation,2018-05-28 00:00:00+00:00,0,0.18800853192806244
LSTM catalogue,27,validation,2018-06-04 00:00:00+00:00,0,0.22886130213737488
LSTM catalogue,27,validation,2018-06-11 00:00:00+00:00,0,0.22313593327999115
LSTM catalogue,27,validation,2018-06-18 00:00:00+00:00,0,0.21285933256149292
LSTM catalogue,27,validation,2018-06-25 00:00:00+00:00,0,0.22208864986896515
LSTM catalogue,27,validation,2018-07-02 00:00:00+00:00,0,0.18972676992416382
LSTM catalogue,27,validation,2018-07-09 00:00:00+00:00,0,0.23153218626976013
LSTM catalogue,27,validation,2018-07-16 00:00:00+00:00,0,0.2265639454126358
LSTM catalogue,27,validation,2018-07-23 00:00:00+00:00,0,0.20978672802448273
LSTM catalogue,27,validation,2018-07-30 00:00:00+00:00,0,0.22546876966953278
LSTM catalogue,27,validation,2018-08-06 00:00:00+00:00,0,0.22197046875953674
LSTM catalogue,27,validation,2018-08-13 00:00:00+00:00,0,0.22113850712776184
LSTM catalogue,27,validation,2018-08-20 00:00:00+00:00,0,0.22167399525642395
LSTM catalogue,27,validation,2018-08-27 00:00:00+00:00,1,0.220240980386734
LSTM catalogue,27,validation,2018-09-03 00:00:00+00:00,1,0.26925939321517944
LSTM catalogue,27,validation,2018-09-10 00:00:00+00:00,1,0.2992030084133148
LSTM catalogue,27,validation,2018-09-17 00:00:00+00:00,0,0.2729300856590271
LSTM catalogue,27,validation,2018-09-24 00:00:00+00:00,0,0.28100791573524475
LSTM catalogue,27,validation,2018-10-01 00:00:00+00:00,0,0.22780048847198486
LSTM catalogue,27,validation,2018-10-08 00:00:00+00:00,0,0.1778835952281952
LSTM catalogue,27,validation,2018-10-15 00:00:00+00:00,0,0.22587674856185913
LSTM catalogue,27,validation,2018-10-22 00:00:00+00:00,0,0.2237418293952942
LSTM catalogue,27,validation,2018-10-29 00:00:00+00:00,0,0.22032774984836578
LSTM catalogue,27,validation,2018-11-05 00:00:00+00:00,1,0.22377760708332062
LSTM catalogue,27,validation,2018-11-12 00:00:00+00:00,0,0.22063001990318298
LSTM catalogue,27,validation,2018-11-19 00:00:00+00:00,0,0.21874991059303284
LSTM catalogue,27,validation,2018-11-26 00:00:00+00:00,1,0.22294144332408905
LSTM catalogue,27,validation,2018-12-03 00:00:00+00:00,1,0.27958980202674866
LSTM catalogue,27,validation,2018-12-10 00:00:00+00:00,0,0.34054383635520935
LSTM catalogue,27,validation,2018-12-17 00:00:00+00:00,0,0.3113272786140442
LSTM catalogue,27,validation,2018-12-24 00:00:00+00:00,0,0.24660994112491608
LSTM catalogue,27,validation,2018-12-31 00:00:00+00:00,1,0.23914752900600433
LSTM catalogue,27,validation,2019-01-07 00:00:00+00:00,0,0.19290219247341156
LSTM catalogue,27,validation,2019-01-14 00:00:00+00:00,1,0.22797688841819763
LSTM catalogue,27,validation,2019-01-21 00:00:00+00:00,1,0.278812438249588
LSTM catalogue,27,validation,2019-01-28 00:00:00+00:00,0,0.41505196690559387
LSTM catalogue,27,validation,2019-02-04 00:00:00+00:00,0,0.28127968311309814
LSTM catalogue,27,validation,2019-02-11 00:00:00+00:00,0,0.23806725442409515
LSTM catalogue,27,validation,2019-02-18 00:00:00+00:00,0,0.2683613896369934
LSTM catalogue,27,validation,2019-02-25 00:00:00+00:00,1,0.25613725185394287
LSTM catalogue,27,validation,2019-03-04 00:00:00+00:00,1,0.43171945214271545
LSTM catalogue,27,validation,2019-03-11 00:00:00+00:00,1,0.4423036575317383
LSTM catalogue,27,validation,2019-03-18 00:00:00+00:00,0,0.3507635295391083
LSTM catalogue,27,validation,2019-03-25 00:00:00+00:00,0,0.2635030746459961
LSTM catalogue,27,validation,2019-04-01 00:00:00+00:00,1,0.23014184832572937
LSTM catalogue,27,validation,2019-04-08 00:00:00+00:00,0,0.3022715151309967
LSTM catalogue,27,validation,2019-04-15 00:00:00+00:00,1,0.24873188138008118
LSTM catalogue,27,validation,2019-04-22 00:00:00+00:00,0,0.23159658908843994
LSTM catalogue,27,validation,2019-04-29 00:00:00+00:00,0,0.21494053304195404
LSTM catalogue,27,validation,2019-05-06 00:00:00+00:00,0,0.26701146364212036
LSTM catalogue,27,validation,2019-05-13 00:00:00+00:00,1,0.23361724615097046
LSTM catalogue,27,validation,2019-05-20 00:00:00+00:00,1,0.24158801138401031
LSTM catalogue,27,validation,2019-05-27 00:00:00+00:00,0,0.22269847989082336
LSTM catalogue,27,validation,2019-06-03 00:00:00+00:00,0,0.21502740681171417
LSTM catalogue,27,validation,2019-06-10 00:00:00+00:00,1,0.21899843215942383
LSTM catalogue,27,validation,2019-06-17 00:00:00+00:00,0,0.25901755690574646
LSTM catalogue,27,validation,2019-06-24 00:00:00+00:00,1,0.22570396959781647
LSTM catalogue,27,validation,2019-07-01 00:00:00+00:00,0,0.20623557269573212
LSTM catalogue,27,validation,2019-07-08 00:00:00+00:00,0,0.25661179423332214
LSTM catalogue,27,validation,2019-07-15 00:00:00+00:00,0,0.2816251814365387
LSTM catalogue,27,validation,2019-07-22 00:00:00+00:00,0,0.2770911753177643
LSTM catalogue,27,validation,2019-07-29 00:00:00+00:00,0,0.26944199204444885
LSTM catalogue,27,validation,2019-08-05 00:00:00+00:00,0,0.227888286113739
LSTM catalogue,27,validation,2019-08-12 00:00:00+00:00,0,0.21929025650024414
LSTM catalogue,27,validation,2019-08-19 00:00:00+00:00,0,0.22428452968597412
LSTM catalogue,27,validation,2019-08-26 00:00:00+00:00,0,0.21994908154010773
LSTM catalogue,27,validation,2019-09-02 00:00:00+00:00,0,0.2319292575120926
LSTM catalogue,27,validation,2019-09-09 00:00:00+00:00,0,0.23093925416469574
LSTM catalogue,27,validation,2019-09-16 00:00:00+00:00,0,0.23344305157661438
LSTM catalogue,27,validation,2019-09-23 00:00:00+00:00,1,0.22983260452747345
LSTM catalogue,27,validation,2019-09-30 00:00:00+00:00,0,0.22312746942043304
LSTM catalogue,27,validation,2019-10-07 00:00:00+00:00,0,0.21673795580863953
LSTM catalogue,27,validation,2019-10-14 00:00:00+00:00,0,0.21165670454502106
LSTM catalogue,27,validation,2019-10-21 00:00:00+00:00,0,0.21732956171035767
LSTM catalogue,27,validation,2019-10-28 00:00:00+00:00,1,0.22907258570194244
LSTM catalogue,27,validation,2019-11-04 00:00:00+00:00,1,0.2998933792114258
LSTM catalogue,27,validation,2019-11-11 00:00:00+00:00,0,0.25162723660469055
LSTM catalogue,27,validation,2019-11-18 00:00:00+00:00,1,0.24474769830703735
LSTM catalogue,27,validation,2019-11-25 00:00:00+00:00,0,0.19299502670764923
LSTM catalogue,27,validation,2019-12-02 00:00:00+00:00,0,0.2288026213645935
LSTM catalogue,27,validation,2019-12-09 00:00:00+00:00,0,0.22768019139766693
LSTM catalogue,27,validation,2019-12-16 00:00:00+00:00,0,0.227253720164299
LSTM catalogue,27,validation,2019-12-23 00:00:00+00:00,0,0.225203737616539
LSTM catalogue,27,validation,2019-12-30 00:00:00+00:00,1,0.2157386839389801
LSTM catalogue,27,validation,2020-01-06 00:00:00+00:00,0,0.2370987832546234
LSTM catalogue,27,validation,2020-01-13 00:00:00+00:00,0,0.2331572324037552
LSTM catalogue,27,validation,2020-01-20 00:00:00+00:00,0,0.23697325587272644
LSTM catalogue,27,validation,2020-01-27 00:00:00+00:00,1,0.23593851923942566
LSTM catalogue,27,validation,2020-02-03 00:00:00+00:00,0,0.23158054053783417
LSTM catalogue,27,validation,2020-02-10 00:00:00+00:00,0,0.21930915117263794
LSTM catalogue,27,validation,2020-02-17 00:00:00+00:00,0,0.21657587587833405
LSTM catalogue,27,validation,2020-02-24 00:00:00+00:00,0,0.22304654121398926
LSTM catalogue,27,validation,2020-03-02 00:00:00+00:00,0,0.2255079597234726
LSTM catalogue,27,validation,2020-03-09 00:00:00+00:00,0,0.22512739896774292
LSTM catalogue,27,validation,2020-03-16 00:00:00+00:00,0,0.22389215230941772
LSTM catalogue,27,validation,2020-03-23 00:00:00+00:00,0,0.22631001472473145
LSTM catalogue,27,validation,2020-03-30 00:00:00+00:00,0,0.22380666434764862
LSTM catalogue,27,validation,2020-04-06 00:00:00+00:00,0,0.21943530440330505
LSTM catalogue,27,validation,2020-04-13 00:00:00+00:00,0,0.22043432295322418
LSTM catalogue,27,validation,2020-04-20 00:00:00+00:00,0,0.24099044501781464
LSTM catalogue,27,validation,2020-04-27 00:00:00+00:00,0,0.2289225310087204
LSTM catalogue,27,validation,2020-05-04 00:00:00+00:00,0,0.22626373171806335
LSTM catalogue,27,validation,2020-05-11 00:00:00+00:00,0,0.2327657788991928
LSTM catalogue,27,validation,2020-05-18 00:00:00+00:00,1,0.22291341423988342
LSTM catalogue,27,validation,2020-05-25 00:00:00+00:00,0,0.22064030170440674
LSTM catalogue,27,validation,2020-06-01 00:00:00+00:00,0,0.20852568745613098
LSTM catalogue,27,validation,2020-06-08 00:00:00+00:00,0,0.2221432328224182
LSTM catalogue,27,validation,2020-06-15 00:00:00+00:00,0,0.22123916447162628
LSTM catalogue,27,validation,2020-06-22 00:00:00+00:00,1,0.22229011356830597
LSTM catalogue,27,validation,2020-06-29 00:00:00+00:00,0,0.18528343737125397
LSTM catalogue,27,validation,2020-07-06 00:00:00+00:00,0,0.22683346271514893
LSTM catalogue,27,validation,2020-07-13 00:00:00+00:00,0,0.23786228895187378
LSTM catalogue,27,validation,2020-07-20 00:00:00+00:00,0,0.23342964053153992
LSTM catalogue,27,validation,2020-07-27 00:00:00+00:00,0,0.2307528406381607
LSTM catalogue,27,validation,2020-08-03 00:00:00+00:00,0,0.2216751128435135
LSTM catalogue,27,validation,2020-08-10 00:00:00+00:00,0,0.21407769620418549
LSTM catalogue,27,validation,2020-08-17 00:00:00+00:00,0,0.24341128766536713
LSTM catalogue,27,validation,2020-08-24 00:00:00+00:00,0,0.23930472135543823
LSTM catalogue,27,validation,2020-08-31 00:00:00+00:00,1,0.24231940507888794
LSTM catalogue,27,validation,2020-09-07 00:00:00+00:00,0,0.23247796297073364
LSTM catalogue,27,validation,2020-09-14 00:00:00+00:00,0,0.20516690611839294
LSTM catalogue,27,validation,2020-09-21 00:00:00+00:00,0,0.2156054675579071
LSTM catalogue,27,validation,2020-09-28 00:00:00+00:00,0,0.22002224624156952
LSTM catalogue,27,validation,2020-10-05 00:00:00+00:00,0,0.23645608127117157
LSTM catalogue,27,validation,2020-10-12 00:00:00+00:00,0,0.27297115325927734
LSTM catalogue,27,validation,2020-10-19 00:00:00+00:00,0,0.25197410583496094
LSTM catalogue,27,validation,2020-10-26 00:00:00+00:00,1,0.2384748011827469
LSTM catalogue,27,validation,2020-11-02 00:00:00+00:00,0,0.22825410962104797
LSTM catalogue,27,validation,2020-11-09 00:00:00+00:00,0,0.21605639159679413
LSTM catalogue,27,validation,2020-11-16 00:00:00+00:00,1,0.20912866294384003
LSTM catalogue,27,validation,2020-11-23 00:00:00+00:00,0,0.2411542534828186
LSTM catalogue,27,validation,2020-11-30 00:00:00+00:00,0,0.2248915135860443
LSTM catalogue,27,validation,2020-12-07 00:00:00+00:00,1,0.22206927835941315
LSTM catalogue,27,validation,2020-12-14 00:00:00+00:00,0,0.21143095195293427
LSTM catalogue,27,validation,2020-12-21 00:00:00+00:00,0,0.23588813841342926
Transformer compact,27,validation,2017-01-02 00:00:00+00:00,0,0.28059905767440796
Transformer compact,27,validation,2017-01-09 00:00:00+00:00,0,0.25147709250450134
Transformer compact,27,validation,2017-01-16 00:00:00+00:00,0,0.2522897720336914
Transformer compact,27,validation,2017-01-23 00:00:00+00:00,0,0.25801488757133484
Transformer compact,27,validation,2017-01-30 00:00:00+00:00,1,0.2590700685977936
Transformer compact,27,validation,2017-02-06 00:00:00+00:00,0,0.2532762587070465
Transformer compact,27,validation,2017-02-13 00:00:00+00:00,1,0.26897892355918884
Transformer compact,27,validation,2017-02-20 00:00:00+00:00,1,0.2702147960662842
Transformer compact,27,validation,2017-02-27 00:00:00+00:00,0,0.26356393098831177
Transformer compact,27,validation,2017-03-06 00:00:00+00:00,1,0.2637818157672882
Transformer compact,27,validation,2017-03-13 00:00:00+00:00,1,0.2600974440574646
Transformer compact,27,validation,2017-03-20 00:00:00+00:00,0,0.24695026874542236
Transformer compact,27,validation,2017-03-27 00:00:00+00:00,1,0.257608026266098
Transformer compact,27,validation,2017-04-03 00:00:00+00:00,0,0.25376415252685547
Transformer compact,27,validation,2017-04-10 00:00:00+00:00,1,0.2549979090690613
Transformer compact,27,validation,2017-04-17 00:00:00+00:00,1,0.24163401126861572
Transformer compact,27,validation,2017-04-24 00:00:00+00:00,1,0.3026532828807831
Transformer compact,27,validation,2017-05-01 00:00:00+00:00,0,0.40770474076271057
Transformer compact,27,validation,2017-05-08 00:00:00+00:00,1,0.4409066438674927
Transformer compact,27,validation,2017-05-15 00:00:00+00:00,0,0.4075165092945099
Transformer compact,27,validation,2017-05-22 00:00:00+00:00,0,0.41655346751213074
Transformer compact,27,validation,2017-05-29 00:00:00+00:00,0,0.2728964686393738
Transformer compact,27,validation,2017-06-05 00:00:00+00:00,0,0.2456456422805786
Transformer compact,27,validation,2017-06-12 00:00:00+00:00,1,0.2578772306442261
Transformer compact,27,validation,2017-06-19 00:00:00+00:00,0,0.26389938592910767
Transformer compact,27,validation,2017-06-26 00:00:00+00:00,1,0.2607070505619049
Transformer compact,27,validation,2017-07-03 00:00:00+00:00,0,0.24913522601127625
Transformer compact,27,validation,2017-07-10 00:00:00+00:00,1,0.2535989582538605
Transformer compact,27,validation,2017-07-17 00:00:00+00:00,0,0.24852126836776733
Transformer compact,27,validation,2017-07-24 00:00:00+00:00,0,0.2600844204425812
Transformer compact,27,validation,2017-07-31 00:00:00+00:00,1,0.267886757850647
Transformer compact,27,validation,2017-08-07 00:00:00+00:00,1,0.26625704765319824
Transformer compact,27,validation,2017-08-14 00:00:00+00:00,1,0.26808419823646545
Transformer compact,27,validation,2017-08-21 00:00:00+00:00,0,0.2611028552055359
Transformer compact,27,validation,2017-08-28 00:00:00+00:00,0,0.2680721580982208
Transformer compact,27,validation,2017-09-04 00:00:00+00:00,0,0.24607236683368683
Transformer compact,27,validation,2017-09-11 00:00:00+00:00,0,0.24431103467941284
Transformer compact,27,validation,2017-09-18 00:00:00+00:00,1,0.23724882304668427
Transformer compact,27,validation,2017-09-25 00:00:00+00:00,0,0.2683926224708557
Transformer compact,27,validation,2017-10-02 00:00:00+00:00,0,0.2784624695777893
Transformer compact,27,validation,2017-10-09 00:00:00+00:00,0,0.2660360038280487
Transformer compact,27,validation,2017-10-16 00:00:00+00:00,0,0.24889852106571198
Transformer compact,27,validation,2017-10-23 00:00:00+00:00,0,0.2631293535232544
Transformer compact,27,validation,2017-10-30 00:00:00+00:00,0,0.24236014485359192
Transformer compact,27,validation,2017-11-06 00:00:00+00:00,0,0.24266192317008972
Transformer compact,27,validation,2017-11-13 00:00:00+00:00,0,0.24544577300548553
Transformer compact,27,validation,2017-11-20 00:00:00+00:00,0,0.24764515459537506
Transformer compact,27,validation,2017-11-27 00:00:00+00:00,0,0.2566816508769989
Transformer compact,27,validation,2017-12-04 00:00:00+00:00,0,0.24741534888744354
Transformer compact,27,validation,2017-12-11 00:00:00+00:00,0,0.2568223476409912
Transformer compact,27,validation,2017-12-18 00:00:00+00:00,0,0.26521584391593933
Transformer compact,27,validation,2017-12-25 00:00:00+00:00,0,0.25968050956726074
Transformer compact,27,validation,2018-01-01 00:00:00+00:00,0,0.24645325541496277
Transformer compact,27,validation,2018-01-08 00:00:00+00:00,0,0.24749624729156494
Transformer compact,27,validation,2018-01-15 00:00:00+00:00,1,0.23840034008026123
Transformer compact,27,validation,2018-01-22 00:00:00+00:00,0,0.23700186610221863
Transformer compact,27,validation,2018-01-29 00:00:00+00:00,1,0.24362054467201233
Transformer compact,27,validation,2018-02-05 00:00:00+00:00,1,0.25369948148727417
Transformer compact,27,validation,2018-02-12 00:00:00+00:00,0,0.26386380195617676
Transformer compact,27,validation,2018-02-19 00:00:00+00:00,0,0.2779427766799927
Transformer compact,27,validation,2018-02-26 00:00:00+00:00,0,0.265922486782074
Transformer compact,27,validation,2018-03-05 00:00:00+00:00,0,0.2536751329898834
Transformer compact,27,validation,2018-03-12 00:00:00+00:00,0,0.23935116827487946
Transformer compact,27,validation,2018-03-19 00:00:00+00:00,1,0.24410761892795563
Transformer compact,27,validation,2018-03-26 00:00:00+00:00,0,0.2511768937110901
Transformer compact,27,validation,2018-04-02 00:00:00+00:00,0,0.25638309121131897
Transformer compact,27,validation,2018-04-09 00:00:00+00:00,1,0.24456483125686646
Transformer compact,27,validation,2018-04-16 00:00:00+00:00,0,0.2647472321987152
Transformer compact,27,validation,2018-04-23 00:00:00+00:00,0,0.27491194009780884
Transformer compact,27,validation,2018-04-30 00:00:00+00:00,0,0.2792088985443115
Transformer compact,27,validation,2018-05-07 00:00:00+00:00,0,0.26876407861709595
Transformer compact,27,validation,2018-05-14 00:00:00+00:00,0,0.2546975314617157
Transformer compact,27,validation,2018-05-21 00:00:00+00:00,0,0.2582818269729614
Transformer compact,27,validation,2018-05-28 00:00:00+00:00,0,0.2586497962474823
Transformer compact,27,validation,2018-06-04 00:00:00+00:00,0,0.24673596024513245
Transformer compact,27,validation,2018-06-11 00:00:00+00:00,0,0.24028317630290985
Transformer compact,27,validation,2018-06-18 00:00:00+00:00,0,0.24784137308597565
Transformer compact,27,validation,2018-06-25 00:00:00+00:00,0,0.23619334399700165
Transformer compact,27,validation,2018-07-02 00:00:00+00:00,0,0.2709507644176483
Transformer compact,27,validation,2018-07-09 00:00:00+00:00,0,0.27387872338294983
Transformer compact,27,validation,2018-07-16 00:00:00+00:00,0,0.2739495038986206
Transformer compact,27,validation,2018-07-23 00:00:00+00:00,0,0.26465341448783875
Transformer compact,27,validation,2018-07-30 00:00:00+00:00,0,0.2520529329776764
Transformer compact,27,validation,2018-08-06 00:00:00+00:00,0,0.24070920050144196
Transformer compact,27,validation,2018-08-13 00:00:00+00:00,0,0.24716387689113617
Transformer compact,27,validation,2018-08-20 00:00:00+00:00,0,0.24968135356903076
Transformer compact,27,validation,2018-08-27 00:00:00+00:00,1,0.2365049123764038
Transformer compact,27,validation,2018-09-03 00:00:00+00:00,1,0.2593471109867096
Transformer compact,27,validation,2018-09-10 00:00:00+00:00,1,0.27870580554008484
Transformer compact,27,validation,2018-09-17 00:00:00+00:00,0,0.29532644152641296
Transformer compact,27,validation,2018-09-24 00:00:00+00:00,0,0.29161137342453003
Transformer compact,27,validation,2018-10-01 00:00:00+00:00,0,0.2779906094074249
Transformer compact,27,validation,2018-10-08 00:00:00+00:00,0,0.2467351257801056
Transformer compact,27,validation,2018-10-15 00:00:00+00:00,0,0.2449747771024704
Transformer compact,27,validation,2018-10-22 00:00:00+00:00,0,0.24315887689590454
Transformer compact,27,validation,2018-10-29 00:00:00+00:00,0,0.2373361736536026
Transformer compact,27,validation,2018-11-05 00:00:00+00:00,1,0.24043424427509308
Transformer compact,27,validation,2018-11-12 00:00:00+00:00,0,0.24270814657211304
Transformer compact,27,validation,2018-11-19 00:00:00+00:00,0,0.24069832265377045
Transformer compact,27,validation,2018-11-26 00:00:00+00:00,1,0.2451704442501068
Transformer compact,27,validation,2018-12-03 00:00:00+00:00,1,0.27238255739212036
Transformer compact,27,validation,2018-12-10 00:00:00+00:00,0,0.2748461365699768
Transformer compact,27,validation,2018-12-17 00:00:00+00:00,0,0.2761954963207245
Transformer compact,27,validation,2018-12-24 00:00:00+00:00,0,0.2729215919971466
Transformer compact,27,validation,2018-12-31 00:00:00+00:00,1,0.2709366977214813
Transformer compact,27,validation,2019-01-07 00:00:00+00:00,0,0.25027528405189514
Transformer compact,27,validation,2019-01-14 00:00:00+00:00,1,0.2638702988624573
Transformer compact,27,validation,2019-01-21 00:00:00+00:00,1,0.3144180476665497
Transformer compact,27,validation,2019-01-28 00:00:00+00:00,0,0.3491700291633606
Transformer compact,27,validation,2019-02-04 00:00:00+00:00,0,0.3734245300292969
Transformer compact,27,validation,2019-02-11 00:00:00+00:00,0,0.3633303642272949
Transformer compact,27,validation,2019-02-18 00:00:00+00:00,0,0.34031394124031067
Transformer compact,27,validation,2019-02-25 00:00:00+00:00,1,0.25608089566230774
Transformer compact,27,validation,2019-03-04 00:00:00+00:00,1,0.3013859987258911
Transformer compact,27,validation,2019-03-11 00:00:00+00:00,1,0.31488117575645447
Transformer compact,27,validation,2019-03-18 00:00:00+00:00,0,0.3086913824081421
Transformer compact,27,validation,2019-03-25 00:00:00+00:00,0,0.28621166944503784
Transformer compact,27,validation,2019-04-01 00:00:00+00:00,1,0.28445830941200256
Transformer compact,27,validation,2019-04-08 00:00:00+00:00,0,0.2864074110984802
Transformer compact,27,validation,2019-04-15 00:00:00+00:00,1,0.26765111088752747
Transformer compact,27,validation,2019-04-22 00:00:00+00:00,0,0.2693382203578949
Transformer compact,27,validation,2019-04-29 00:00:00+00:00,0,0.2712472379207611
Transformer compact,27,validation,2019-05-06 00:00:00+00:00,0,0.2720792293548584
Transformer compact,27,validation,2019-05-13 00:00:00+00:00,1,0.27003705501556396
Transformer compact,27,validation,2019-05-20 00:00:00+00:00,1,0.2491135597229004
Transformer compact,27,validation,2019-05-27 00:00:00+00:00,0,0.24777179956436157
Transformer compact,27,validation,2019-06-03 00:00:00+00:00,0,0.25218209624290466
Transformer compact,27,validation,2019-06-10 00:00:00+00:00,1,0.2422790825366974
Transformer compact,27,validation,2019-06-17 00:00:00+00:00,0,0.25305190682411194
Transformer compact,27,validation,2019-06-24 00:00:00+00:00,1,0.2519223093986511
Transformer compact,27,validation,2019-07-01 00:00:00+00:00,0,0.28690606355667114
Transformer compact,27,validation,2019-07-08 00:00:00+00:00,0,0.2744012475013733
Transformer compact,27,validation,2019-07-15 00:00:00+00:00,0,0.2521292567253113
Transformer compact,27,validation,2019-07-22 00:00:00+00:00,0,0.2564239203929901
Transformer compact,27,validation,2019-07-29 00:00:00+00:00,0,0.25901690125465393
Transformer compact,27,validation,2019-08-05 00:00:00+00:00,0,0.2529062330722809
Transformer compact,27,validation,2019-08-12 00:00:00+00:00,0,0.24868077039718628
Transformer compact,27,validation,2019-08-19 00:00:00+00:00,0,0.23682695627212524
Transformer compact,27,validation,2019-08-26 00:00:00+00:00,0,0.2538885176181793
Transformer compact,27,validation,2019-09-02 00:00:00+00:00,0,0.25799760222435
Transformer compact,27,validation,2019-09-09 00:00:00+00:00,0,0.2549036145210266
Transformer compact,27,validation,2019-09-16 00:00:00+00:00,0,0.26567187905311584
Transformer compact,27,validation,2019-09-23 00:00:00+00:00,1,0.2667238116264343
Transformer compact,27,validation,2019-09-30 00:00:00+00:00,0,0.25835177302360535
Transformer compact,27,validation,2019-10-07 00:00:00+00:00,0,0.26509571075439453
Transformer compact,27,validation,2019-10-14 00:00:00+00:00,0,0.28858640789985657
Transformer compact,27,validation,2019-10-21 00:00:00+00:00,0,0.2406291961669922
Transformer compact,27,validation,2019-10-28 00:00:00+00:00,1,0.2542283236980438
Transformer compact,27,validation,2019-11-04 00:00:00+00:00,1,0.2707746922969818
Transformer compact,27,validation,2019-11-11 00:00:00+00:00,0,0.3093080520629883
Transformer compact,27,validation,2019-11-18 00:00:00+00:00,1,0.2837153971195221
Transformer compact,27,validation,2019-11-25 00:00:00+00:00,0,0.2673361003398895
Transformer compact,27,validation,2019-12-02 00:00:00+00:00,0,0.24845324456691742
Transformer compact,27,validation,2019-12-09 00:00:00+00:00,0,0.2524520754814148
Transformer compact,27,validation,2019-12-16 00:00:00+00:00,0,0.2521708309650421
Transformer compact,27,validation,2019-12-23 00:00:00+00:00,0,0.2443864494562149
Transformer compact,27,validation,2019-12-30 00:00:00+00:00,1,0.24557866156101227
Transformer compact,27,validation,2020-01-06 00:00:00+00:00,0,0.24253709614276886
Transformer compact,27,validation,2020-01-13 00:00:00+00:00,0,0.25721392035484314
Transformer compact,27,validation,2020-01-20 00:00:00+00:00,0,0.25722411274909973
Transformer compact,27,validation,2020-01-27 00:00:00+00:00,1,0.2565711736679077
Transformer compact,27,validation,2020-02-03 00:00:00+00:00,0,0.25379684567451477
Transformer compact,27,validation,2020-02-10 00:00:00+00:00,0,0.2601555287837982
Transformer compact,27,validation,2020-02-17 00:00:00+00:00,0,0.2511720657348633
Transformer compact,27,validation,2020-02-24 00:00:00+00:00,0,0.24500328302383423
Transformer compact,27,validation,2020-03-02 00:00:00+00:00,0,0.2480466067790985
Transformer compact,27,validation,2020-03-09 00:00:00+00:00,0,0.2544196844100952
Transformer compact,27,validation,2020-03-16 00:00:00+00:00,0,0.25739800930023193
Transformer compact,27,validation,2020-03-23 00:00:00+00:00,0,0.2540228068828583
Transformer compact,27,validation,2020-03-30 00:00:00+00:00,0,0.24975930154323578
Transformer compact,27,validation,2020-04-06 00:00:00+00:00,0,0.2484382838010788
Transformer compact,27,validation,2020-04-13 00:00:00+00:00,0,0.25045520067214966
Transformer compact,27,validation,2020-04-20 00:00:00+00:00,0,0.25630983710289
Transformer compact,27,validation,2020-04-27 00:00:00+00:00,0,0.259919673204422
Transformer compact,27,validation,2020-05-04 00:00:00+00:00,0,0.2460942566394806
Transformer compact,27,validation,2020-05-11 00:00:00+00:00,0,0.25053495168685913
Transformer compact,27,validation,2020-05-18 00:00:00+00:00,1,0.25414901971817017
Transformer compact,27,validation,2020-05-25 00:00:00+00:00,0,0.2530176341533661
Transformer compact,27,validation,2020-06-01 00:00:00+00:00,0,0.24599096179008484
Transformer compact,27,validation,2020-06-08 00:00:00+00:00,0,0.2371578961610794
Transformer compact,27,validation,2020-06-15 00:00:00+00:00,0,0.23802697658538818
Transformer compact,27,validation,2020-06-22 00:00:00+00:00,1,0.2467760145664215
Transformer compact,27,validation,2020-06-29 00:00:00+00:00,0,0.24372082948684692
Transformer compact,27,validation,2020-07-06 00:00:00+00:00,0,0.24602608382701874
Transformer compact,27,validation,2020-07-13 00:00:00+00:00,0,0.2519151568412781
Transformer compact,27,validation,2020-07-20 00:00:00+00:00,0,0.26075392961502075
Transformer compact,27,validation,2020-07-27 00:00:00+00:00,0,0.24596041440963745
Transformer compact,27,validation,2020-08-03 00:00:00+00:00,0,0.24032865464687347
Transformer compact,27,validation,2020-08-10 00:00:00+00:00,0,0.2338326871395111
Transformer compact,27,validation,2020-08-17 00:00:00+00:00,0,0.24705764651298523
Transformer compact,27,validation,2020-08-24 00:00:00+00:00,0,0.26090624928474426
Transformer compact,27,validation,2020-08-31 00:00:00+00:00,1,0.26192575693130493
Transformer compact,27,validation,2020-09-07 00:00:00+00:00,0,0.2802925705909729
Transformer compact,27,validation,2020-09-14 00:00:00+00:00,0,0.2878708839416504
Transformer compact,27,validation,2020-09-21 00:00:00+00:00,0,0.2655917704105377
Transformer compact,27,validation,2020-09-28 00:00:00+00:00,0,0.25902244448661804
Transformer compact,27,validation,2020-10-05 00:00:00+00:00,0,0.28542226552963257
Transformer compact,27,validation,2020-10-12 00:00:00+00:00,0,0.26812395453453064
Transformer compact,27,validation,2020-10-19 00:00:00+00:00,0,0.2584070861339569
Transformer compact,27,validation,2020-10-26 00:00:00+00:00,1,0.2534773647785187
Transformer compact,27,validation,2020-11-02 00:00:00+00:00,0,0.23878510296344757
Transformer compact,27,validation,2020-11-09 00:00:00+00:00,0,0.24550087749958038
Transformer compact,27,validation,2020-11-16 00:00:00+00:00,1,0.2390376180410385
Transformer compact,27,validation,2020-11-23 00:00:00+00:00,0,0.2431381642818451
Transformer compact,27,validation,2020-11-30 00:00:00+00:00,0,0.25549617409706116
Transformer compact,27,validation,2020-12-07 00:00:00+00:00,1,0.25625666975975037
Transformer compact,27,validation,2020-12-14 00:00:00+00:00,0,0.2470398098230362
Transformer compact,27,validation,2020-12-21 00:00:00+00:00,0,0.2541355490684509
Training frequency,-1,test,2021-01-04 00:00:00+00:00,0,0.23621103117505995
Training frequency,-1,test,2021-01-11 00:00:00+00:00,1,0.23621103117505995
Training frequency,-1,test,2021-01-18 00:00:00+00:00,1,0.23621103117505995
Training frequency,-1,test,2021-01-25 00:00:00+00:00,0,0.23621103117505995
Training frequency,-1,test,2021-02-01 00:00:00+00:00,0,0.23621103117505995
Training frequency,-1,test,2021-02-08 00:00:00+00:00,1,0.23621103117505995
Training frequency,-1,test,2021-02-15 00:00:00+00:00,0,0.23621103117505995
Training frequency,-1,test,2021-02-22 00:00:00+00:00,0,0.23621103117505995
Training frequency,-1,test,2021-03-01 00:00:00+00:00,0,0.23621103117505995
Training frequency,-1,test,2021-03-08 00:00:00+00:00,1,0.23621103117505995
Training frequency,-1,test,2021-03-15 00:00:00+00:00,0,0.23621103117505995
Training frequency,-1,test,2021-03-22 00:00:00+00:00,0,0.23621103117505995
Training frequency,-1,test,2021-03-29 00:00:00+00:00,0,0.23621103117505995
Training frequency,-1,test,2021-04-05 00:00:00+00:00,0,0.23621103117505995
Training frequency,-1,test,2021-04-12 00:00:00+00:00,0,0.23621103117505995
Training frequency,-1,test,2021-04-19 00:00:00+00:00,1,0.23621103117505995
Training frequency,-1,test,2021-04-26 00:00:00+00:00,1,0.23621103117505995
Training frequency,-1,test,2021-05-03 00:00:00+00:00,0,0.23621103117505995
Training frequency,-1,test,2021-05-10 00:00:00+00:00,0,0.23621103117505995
Training frequency,-1,test,2021-05-17 00:00:00+00:00,0,0.23621103117505995
Training frequency,-1,test,2021-05-24 00:00:00+00:00,0,0.23621103117505995
Training frequency,-1,test,2021-05-31 00:00:00+00:00,0,0.23621103117505995
Training frequency,-1,test,2021-06-07 00:00:00+00:00,1,0.23621103117505995
Training frequency,-1,test,2021-06-14 00:00:00+00:00,0,0.23621103117505995
Training frequency,-1,test,2021-06-21 00:00:00+00:00,0,0.23621103117505995
Training frequency,-1,test,2021-06-28 00:00:00+00:00,1,0.23621103117505995
Training frequency,-1,test,2021-07-05 00:00:00+00:00,1,0.23621103117505995
Training frequency,-1,test,2021-07-12 00:00:00+00:00,0,0.23621103117505995
Training frequency,-1,test,2021-07-19 00:00:00+00:00,0,0.23621103117505995
Training frequency,-1,test,2021-07-26 00:00:00+00:00,0,0.23621103117505995
Training frequency,-1,test,2021-08-02 00:00:00+00:00,0,0.23621103117505995
Training frequency,-1,test,2021-08-09 00:00:00+00:00,0,0.23621103117505995
Training frequency,-1,test,2021-08-16 00:00:00+00:00,0,0.23621103117505995
Training frequency,-1,test,2021-08-23 00:00:00+00:00,0,0.23621103117505995
Training frequency,-1,test,2021-08-30 00:00:00+00:00,0,0.23621103117505995
Training frequency,-1,test,2021-09-06 00:00:00+00:00,0,0.23621103117505995
Training frequency,-1,test,2021-09-13 00:00:00+00:00,0,0.23621103117505995
Training frequency,-1,test,2021-09-20 00:00:00+00:00,0,0.23621103117505995
Training frequency,-1,test,2021-09-27 00:00:00+00:00,0,0.23621103117505995
Training frequency,-1,test,2021-10-04 00:00:00+00:00,0,0.23621103117505995
Training frequency,-1,test,2021-10-11 00:00:00+00:00,0,0.23621103117505995
Training frequency,-1,test,2021-10-18 00:00:00+00:00,0,0.23621103117505995
Training frequency,-1,test,2021-10-25 00:00:00+00:00,0,0.23621103117505995
Training frequency,-1,test,2021-11-01 00:00:00+00:00,1,0.23621103117505995
Training frequency,-1,test,2021-11-08 00:00:00+00:00,0,0.23621103117505995
Training frequency,-1,test,2021-11-15 00:00:00+00:00,0,0.23621103117505995
Training frequency,-1,test,2021-11-22 00:00:00+00:00,0,0.23621103117505995
Training frequency,-1,test,2021-11-29 00:00:00+00:00,0,0.23621103117505995
Training frequency,-1,test,2021-12-06 00:00:00+00:00,1,0.23621103117505995
Training frequency,-1,test,2021-12-13 00:00:00+00:00,1,0.23621103117505995
Training frequency,-1,test,2021-12-20 00:00:00+00:00,0,0.23621103117505995
Training frequency,-1,test,2021-12-27 00:00:00+00:00,0,0.23621103117505995
Training frequency,-1,test,2022-01-03 00:00:00+00:00,0,0.23621103117505995
Training frequency,-1,test,2022-01-10 00:00:00+00:00,0,0.23621103117505995
Training frequency,-1,test,2022-01-17 00:00:00+00:00,0,0.23621103117505995
Training frequency,-1,test,2022-01-24 00:00:00+00:00,0,0.23621103117505995
Training frequency,-1,test,2022-01-31 00:00:00+00:00,0,0.23621103117505995
Training frequency,-1,test,2022-02-07 00:00:00+00:00,0,0.23621103117505995
Training frequency,-1,test,2022-02-14 00:00:00+00:00,0,0.23621103117505995
Training frequency,-1,test,2022-02-21 00:00:00+00:00,1,0.23621103117505995
Training frequency,-1,test,2022-02-28 00:00:00+00:00,0,0.23621103117505995
Training frequency,-1,test,2022-03-07 00:00:00+00:00,0,0.23621103117505995
Training frequency,-1,test,2022-03-14 00:00:00+00:00,0,0.23621103117505995
Training frequency,-1,test,2022-03-21 00:00:00+00:00,0,0.23621103117505995
Training frequency,-1,test,2022-03-28 00:00:00+00:00,1,0.23621103117505995
Training frequency,-1,test,2022-04-04 00:00:00+00:00,0,0.23621103117505995
Training frequency,-1,test,2022-04-11 00:00:00+00:00,1,0.23621103117505995
Training frequency,-1,test,2022-04-18 00:00:00+00:00,0,0.23621103117505995
Training frequency,-1,test,2022-04-25 00:00:00+00:00,0,0.23621103117505995
Training frequency,-1,test,2022-05-02 00:00:00+00:00,1,0.23621103117505995
Training frequency,-1,test,2022-05-09 00:00:00+00:00,0,0.23621103117505995
Training frequency,-1,test,2022-05-16 00:00:00+00:00,1,0.23621103117505995
Training frequency,-1,test,2022-05-23 00:00:00+00:00,0,0.23621103117505995
Training frequency,-1,test,2022-05-30 00:00:00+00:00,0,0.23621103117505995
Training frequency,-1,test,2022-06-06 00:00:00+00:00,0,0.23621103117505995
Training frequency,-1,test,2022-06-13 00:00:00+00:00,1,0.23621103117505995
Training frequency,-1,test,2022-06-20 00:00:00+00:00,1,0.23621103117505995
Training frequency,-1,test,2022-06-27 00:00:00+00:00,0,0.23621103117505995
Training frequency,-1,test,2022-07-04 00:00:00+00:00,0,0.23621103117505995
Training frequency,-1,test,2022-07-11 00:00:00+00:00,1,0.23621103117505995
Training frequency,-1,test,2022-07-18 00:00:00+00:00,0,0.23621103117505995
Training frequency,-1,test,2022-07-25 00:00:00+00:00,0,0.23621103117505995
Training frequency,-1,test,2022-08-01 00:00:00+00:00,0,0.23621103117505995
Training frequency,-1,test,2022-08-08 00:00:00+00:00,0,0.23621103117505995
Training frequency,-1,test,2022-08-15 00:00:00+00:00,0,0.23621103117505995
Training frequency,-1,test,2022-08-22 00:00:00+00:00,0,0.23621103117505995
Training frequency,-1,test,2022-08-29 00:00:00+00:00,0,0.23621103117505995
Training frequency,-1,test,2022-09-05 00:00:00+00:00,0,0.23621103117505995
Training frequency,-1,test,2022-09-12 00:00:00+00:00,0,0.23621103117505995
Training frequency,-1,test,2022-09-19 00:00:00+00:00,0,0.23621103117505995
Training frequency,-1,test,2022-09-26 00:00:00+00:00,0,0.23621103117505995
Training frequency,-1,test,2022-10-03 00:00:00+00:00,0,0.23621103117505995
Training frequency,-1,test,2022-10-10 00:00:00+00:00,0,0.23621103117505995
Training frequency,-1,test,2022-10-17 00:00:00+00:00,1,0.23621103117505995
Training frequency,-1,test,2022-10-24 00:00:00+00:00,0,0.23621103117505995
Training frequency,-1,test,2022-10-31 00:00:00+00:00,0,0.23621103117505995
Training frequency,-1,test,2022-11-07 00:00:00+00:00,1,0.23621103117505995
Training frequency,-1,test,2022-11-14 00:00:00+00:00,0,0.23621103117505995
Training frequency,-1,test,2022-11-21 00:00:00+00:00,0,0.23621103117505995
Training frequency,-1,test,2022-11-28 00:00:00+00:00,0,0.23621103117505995
Training frequency,-1,test,2022-12-05 00:00:00+00:00,1,0.23621103117505995
Training frequency,-1,test,2022-12-12 00:00:00+00:00,0,0.23621103117505995
Training frequency,-1,test,2022-12-19 00:00:00+00:00,0,0.23621103117505995
Training frequency,-1,test,2022-12-26 00:00:00+00:00,0,0.23621103117505995
Training frequency,-1,test,2023-01-02 00:00:00+00:00,0,0.23621103117505995
Training frequency,-1,test,2023-01-09 00:00:00+00:00,1,0.23621103117505995
Training frequency,-1,test,2023-01-16 00:00:00+00:00,0,0.23621103117505995
Training frequency,-1,test,2023-01-23 00:00:00+00:00,0,0.23621103117505995
Training frequency,-1,test,2023-01-30 00:00:00+00:00,1,0.23621103117505995
Training frequency,-1,test,2023-02-06 00:00:00+00:00,0,0.23621103117505995
Training frequency,-1,test,2023-02-13 00:00:00+00:00,0,0.23621103117505995
Training frequency,-1,test,2023-02-20 00:00:00+00:00,1,0.23621103117505995
Training frequency,-1,test,2023-02-27 00:00:00+00:00,0,0.23621103117505995
Training frequency,-1,test,2023-03-06 00:00:00+00:00,1,0.23621103117505995
Training frequency,-1,test,2023-03-13 00:00:00+00:00,0,0.23621103117505995
Training frequency,-1,test,2023-03-20 00:00:00+00:00,1,0.23621103117505995
Training frequency,-1,test,2023-03-27 00:00:00+00:00,0,0.23621103117505995
Training frequency,-1,test,2023-04-03 00:00:00+00:00,0,0.23621103117505995
Training frequency,-1,test,2023-04-10 00:00:00+00:00,0,0.23621103117505995
Training frequency,-1,test,2023-04-17 00:00:00+00:00,0,0.23621103117505995
Training frequency,-1,test,2023-04-24 00:00:00+00:00,0,0.23621103117505995
Training frequency,-1,test,2023-05-01 00:00:00+00:00,0,0.23621103117505995
Training frequency,-1,test,2023-05-08 00:00:00+00:00,0,0.23621103117505995
Training frequency,-1,test,2023-05-15 00:00:00+00:00,0,0.23621103117505995
Training frequency,-1,test,2023-05-22 00:00:00+00:00,0,0.23621103117505995
Training frequency,-1,test,2023-05-29 00:00:00+00:00,0,0.23621103117505995
Training frequency,-1,test,2023-06-05 00:00:00+00:00,0,0.23621103117505995
Training frequency,-1,test,2023-06-12 00:00:00+00:00,0,0.23621103117505995
Training frequency,-1,test,2023-06-19 00:00:00+00:00,0,0.23621103117505995
Training frequency,-1,test,2023-06-26 00:00:00+00:00,0,0.23621103117505995
Training frequency,-1,test,2023-07-03 00:00:00+00:00,1,0.23621103117505995
Training frequency,-1,test,2023-07-10 00:00:00+00:00,0,0.23621103117505995
Training frequency,-1,test,2023-07-17 00:00:00+00:00,0,0.23621103117505995
Training frequency,-1,test,2023-07-24 00:00:00+00:00,0,0.23621103117505995
Training frequency,-1,test,2023-07-31 00:00:00+00:00,0,0.23621103117505995
Training frequency,-1,test,2023-08-07 00:00:00+00:00,0,0.23621103117505995
Training frequency,-1,test,2023-08-14 00:00:00+00:00,0,0.23621103117505995
Training frequency,-1,test,2023-08-21 00:00:00+00:00,0,0.23621103117505995
Training frequency,-1,test,2023-08-28 00:00:00+00:00,1,0.23621103117505995
Training frequency,-1,test,2023-09-04 00:00:00+00:00,1,0.23621103117505995
Training frequency,-1,test,2023-09-11 00:00:00+00:00,1,0.23621103117505995
Training frequency,-1,test,2023-09-18 00:00:00+00:00,0,0.23621103117505995
Training frequency,-1,test,2023-09-25 00:00:00+00:00,0,0.23621103117505995
Training frequency,-1,test,2023-10-02 00:00:00+00:00,0,0.23621103117505995
Training frequency,-1,test,2023-10-09 00:00:00+00:00,0,0.23621103117505995
Training frequency,-1,test,2023-10-16 00:00:00+00:00,0,0.23621103117505995
Training frequency,-1,test,2023-10-23 00:00:00+00:00,1,0.23621103117505995
Training frequency,-1,test,2023-10-30 00:00:00+00:00,1,0.23621103117505995
Training frequency,-1,test,2023-11-06 00:00:00+00:00,1,0.23621103117505995
Training frequency,-1,test,2023-11-13 00:00:00+00:00,0,0.23621103117505995
Training frequency,-1,test,2023-11-20 00:00:00+00:00,0,0.23621103117505995
Training frequency,-1,test,2023-11-27 00:00:00+00:00,0,0.23621103117505995
Training frequency,-1,test,2023-12-04 00:00:00+00:00,0,0.23621103117505995
Training frequency,-1,test,2023-12-11 00:00:00+00:00,0,0.23621103117505995
Training frequency,-1,test,2023-12-18 00:00:00+00:00,0,0.23621103117505995
Training frequency,-1,test,2023-12-25 00:00:00+00:00,0,0.23621103117505995
Training frequency,-1,test,2024-01-01 00:00:00+00:00,0,0.23621103117505995
Training frequency,-1,test,2024-01-08 00:00:00+00:00,0,0.23621103117505995
Training frequency,-1,test,2024-01-15 00:00:00+00:00,0,0.23621103117505995
Training frequency,-1,test,2024-01-22 00:00:00+00:00,1,0.23621103117505995
Training frequency,-1,test,2024-01-29 00:00:00+00:00,0,0.23621103117505995
Training frequency,-1,test,2024-02-05 00:00:00+00:00,1,0.23621103117505995
Training frequency,-1,test,2024-02-12 00:00:00+00:00,1,0.23621103117505995
Training frequency,-1,test,2024-02-19 00:00:00+00:00,0,0.23621103117505995
Training frequency,-1,test,2024-02-26 00:00:00+00:00,0,0.23621103117505995
Training frequency,-1,test,2024-03-04 00:00:00+00:00,0,0.23621103117505995
Training frequency,-1,test,2024-03-11 00:00:00+00:00,1,0.23621103117505995
Training frequency,-1,test,2024-03-18 00:00:00+00:00,0,0.23621103117505995
Training frequency,-1,test,2024-03-25 00:00:00+00:00,0,0.23621103117505995
Training frequency,-1,test,2024-04-01 00:00:00+00:00,0,0.23621103117505995
Training frequency,-1,test,2024-04-08 00:00:00+00:00,0,0.23621103117505995
Training frequency,-1,test,2024-04-15 00:00:00+00:00,0,0.23621103117505995
Training frequency,-1,test,2024-04-22 00:00:00+00:00,0,0.23621103117505995
Training frequency,-1,test,2024-04-29 00:00:00+00:00,0,0.23621103117505995
Training frequency,-1,test,2024-05-06 00:00:00+00:00,0,0.23621103117505995
Training frequency,-1,test,2024-05-13 00:00:00+00:00,0,0.23621103117505995
Training frequency,-1,test,2024-05-20 00:00:00+00:00,0,0.23621103117505995
Training frequency,-1,test,2024-05-27 00:00:00+00:00,0,0.23621103117505995
Training frequency,-1,test,2024-06-03 00:00:00+00:00,0,0.23621103117505995
Training frequency,-1,test,2024-06-10 00:00:00+00:00,0,0.23621103117505995
Training frequency,-1,test,2024-06-17 00:00:00+00:00,0,0.23621103117505995
Training frequency,-1,test,2024-06-24 00:00:00+00:00,0,0.23621103117505995
Training frequency,-1,test,2024-07-01 00:00:00+00:00,0,0.23621103117505995
Training frequency,-1,test,2024-07-08 00:00:00+00:00,0,0.23621103117505995
Training frequency,-1,test,2024-07-15 00:00:00+00:00,0,0.23621103117505995
Training frequency,-1,test,2024-07-22 00:00:00+00:00,0,0.23621103117505995
Training frequency,-1,test,2024-07-29 00:00:00+00:00,0,0.23621103117505995
Training frequency,-1,test,2024-08-05 00:00:00+00:00,0,0.23621103117505995
Training frequency,-1,test,2024-08-12 00:00:00+00:00,0,0.23621103117505995
Training frequency,-1,test,2024-08-19 00:00:00+00:00,0,0.23621103117505995
Training frequency,-1,test,2024-08-26 00:00:00+00:00,1,0.23621103117505995
Training frequency,-1,test,2024-09-02 00:00:00+00:00,1,0.23621103117505995
Training frequency,-1,test,2024-09-09 00:00:00+00:00,0,0.23621103117505995
Training frequency,-1,test,2024-09-16 00:00:00+00:00,1,0.23621103117505995
Training frequency,-1,test,2024-09-23 00:00:00+00:00,1,0.23621103117505995
Training frequency,-1,test,2024-09-30 00:00:00+00:00,0,0.23621103117505995
Training frequency,-1,test,2024-10-07 00:00:00+00:00,0,0.23621103117505995
Training frequency,-1,test,2024-10-14 00:00:00+00:00,0,0.23621103117505995
Training frequency,-1,test,2024-10-21 00:00:00+00:00,0,0.23621103117505995
Training frequency,-1,test,2024-10-28 00:00:00+00:00,0,0.23621103117505995
Training frequency,-1,test,2024-11-04 00:00:00+00:00,0,0.23621103117505995
Training frequency,-1,test,2024-11-11 00:00:00+00:00,0,0.23621103117505995
Training frequency,-1,test,2024-11-18 00:00:00+00:00,0,0.23621103117505995
Training frequency,-1,test,2024-11-25 00:00:00+00:00,1,0.23621103117505995
Training frequency,-1,test,2024-12-02 00:00:00+00:00,0,0.23621103117505995
Training frequency,-1,test,2024-12-09 00:00:00+00:00,0,0.23621103117505995
Training frequency,-1,test,2024-12-16 00:00:00+00:00,0,0.23621103117505995
Training frequency,-1,test,2024-12-23 00:00:00+00:00,0,0.23621103117505995
Training frequency,-1,test,2024-12-30 00:00:00+00:00,1,0.23621103117505995
Training frequency,-1,test,2025-01-06 00:00:00+00:00,0,0.23621103117505995
Training frequency,-1,test,2025-01-13 00:00:00+00:00,0,0.23621103117505995
Training frequency,-1,test,2025-01-20 00:00:00+00:00,0,0.23621103117505995
Training frequency,-1,test,2025-01-27 00:00:00+00:00,0,0.23621103117505995
Training frequency,-1,test,2025-02-03 00:00:00+00:00,0,0.23621103117505995
Training frequency,-1,test,2025-02-10 00:00:00+00:00,0,0.23621103117505995
Training frequency,-1,test,2025-02-17 00:00:00+00:00,0,0.23621103117505995
Training frequency,-1,test,2025-02-24 00:00:00+00:00,0,0.23621103117505995
Training frequency,-1,test,2025-03-03 00:00:00+00:00,0,0.23621103117505995
Training frequency,-1,test,2025-03-10 00:00:00+00:00,0,0.23621103117505995
Training frequency,-1,test,2025-03-17 00:00:00+00:00,1,0.23621103117505995
Training frequency,-1,test,2025-03-24 00:00:00+00:00,1,0.23621103117505995
Training frequency,-1,test,2025-03-31 00:00:00+00:00,0,0.23621103117505995
Training frequency,-1,test,2025-04-07 00:00:00+00:00,0,0.23621103117505995
Training frequency,-1,test,2025-04-14 00:00:00+00:00,0,0.23621103117505995
Training frequency,-1,test,2025-04-21 00:00:00+00:00,1,0.23621103117505995
Training frequency,-1,test,2025-04-28 00:00:00+00:00,0,0.23621103117505995
Training frequency,-1,test,2025-05-05 00:00:00+00:00,1,0.23621103117505995
Training frequency,-1,test,2025-05-12 00:00:00+00:00,0,0.23621103117505995
Training frequency,-1,test,2025-05-19 00:00:00+00:00,0,0.23621103117505995
Training frequency,-1,test,2025-05-26 00:00:00+00:00,0,0.23621103117505995
Training frequency,-1,test,2025-06-02 00:00:00+00:00,0,0.23621103117505995
Training frequency,-1,test,2025-06-09 00:00:00+00:00,0,0.23621103117505995
Training frequency,-1,test,2025-06-16 00:00:00+00:00,0,0.23621103117505995
Training frequency,-1,test,2025-06-23 00:00:00+00:00,0,0.23621103117505995
Training frequency,-1,test,2025-06-30 00:00:00+00:00,1,0.23621103117505995
Training frequency,-1,test,2025-07-07 00:00:00+00:00,0,0.23621103117505995
Training frequency,-1,test,2025-07-14 00:00:00+00:00,0,0.23621103117505995
Training frequency,-1,test,2025-07-21 00:00:00+00:00,0,0.23621103117505995
Training frequency,-1,test,2025-07-28 00:00:00+00:00,0,0.23621103117505995
Training frequency,-1,test,2025-08-04 00:00:00+00:00,0,0.23621103117505995
Training frequency,-1,test,2025-08-11 00:00:00+00:00,0,0.23621103117505995
Training frequency,-1,test,2025-08-18 00:00:00+00:00,0,0.23621103117505995
Training frequency,-1,test,2025-08-25 00:00:00+00:00,0,0.23621103117505995
Training frequency,-1,test,2025-09-01 00:00:00+00:00,0,0.23621103117505995
Training frequency,-1,test,2025-09-08 00:00:00+00:00,0,0.23621103117505995
Training frequency,-1,test,2025-09-15 00:00:00+00:00,0,0.23621103117505995
Training frequency,-1,test,2025-09-22 00:00:00+00:00,0,0.23621103117505995
Training frequency,-1,test,2025-09-29 00:00:00+00:00,1,0.23621103117505995
Training frequency,-1,test,2025-10-06 00:00:00+00:00,0,0.23621103117505995
Training frequency,-1,test,2025-10-13 00:00:00+00:00,1,0.23621103117505995
Training frequency,-1,test,2025-10-20 00:00:00+00:00,0,0.23621103117505995
Training frequency,-1,test,2025-10-27 00:00:00+00:00,0,0.23621103117505995
Training frequency,-1,test,2025-11-03 00:00:00+00:00,0,0.23621103117505995
Training frequency,-1,test,2025-11-10 00:00:00+00:00,1,0.23621103117505995
Training frequency,-1,test,2025-11-17 00:00:00+00:00,0,0.23621103117505995
Training frequency,-1,test,2025-11-24 00:00:00+00:00,0,0.23621103117505995
Training frequency,-1,test,2025-12-01 00:00:00+00:00,0,0.23621103117505995
Training frequency,-1,test,2025-12-08 00:00:00+00:00,1,0.23621103117505995
Training frequency,-1,test,2025-12-15 00:00:00+00:00,0,0.23621103117505995
Training frequency,-1,test,2025-12-22 00:00:00+00:00,0,0.23621103117505995
Logistic catalogue,-1,test,2021-01-04 00:00:00+00:00,0,0.14416299760341644
Logistic catalogue,-1,test,2021-01-11 00:00:00+00:00,1,0.2043059915304184
Logistic catalogue,-1,test,2021-01-18 00:00:00+00:00,1,0.1573878526687622
Logistic catalogue,-1,test,2021-01-25 00:00:00+00:00,0,0.3994184136390686
Logistic catalogue,-1,test,2021-02-01 00:00:00+00:00,0,0.25834861397743225
Logistic catalogue,-1,test,2021-02-08 00:00:00+00:00,1,0.2473830282688141
Logistic catalogue,-1,test,2021-02-15 00:00:00+00:00,0,0.25803402066230774
Logistic catalogue,-1,test,2021-02-22 00:00:00+00:00,0,0.22438745200634003
Logistic catalogue,-1,test,2021-03-01 00:00:00+00:00,0,0.21802937984466553
Logistic catalogue,-1,test,2021-03-08 00:00:00+00:00,1,0.21802937984466553
Logistic catalogue,-1,test,2021-03-15 00:00:00+00:00,0,0.21498392522335052
Logistic catalogue,-1,test,2021-03-22 00:00:00+00:00,0,0.20567113161087036
Logistic catalogue,-1,test,2021-03-29 00:00:00+00:00,0,0.19640132784843445
Logistic catalogue,-1,test,2021-04-05 00:00:00+00:00,0,0.19640132784843445
Logistic catalogue,-1,test,2021-04-12 00:00:00+00:00,0,0.18105563521385193
Logistic catalogue,-1,test,2021-04-19 00:00:00+00:00,1,0.20006147027015686
Logistic catalogue,-1,test,2021-04-26 00:00:00+00:00,1,0.28684350848197937
Logistic catalogue,-1,test,2021-05-03 00:00:00+00:00,0,0.47210144996643066
Logistic catalogue,-1,test,2021-05-10 00:00:00+00:00,0,0.29925963282585144
Logistic catalogue,-1,test,2021-05-17 00:00:00+00:00,0,0.29953524470329285
Logistic catalogue,-1,test,2021-05-24 00:00:00+00:00,0,0.16410350799560547
Logistic catalogue,-1,test,2021-05-31 00:00:00+00:00,0,0.2320859730243683
Logistic catalogue,-1,test,2021-06-07 00:00:00+00:00,1,0.13862791657447815
Logistic catalogue,-1,test,2021-06-14 00:00:00+00:00,0,0.21819743514060974
Logistic catalogue,-1,test,2021-06-21 00:00:00+00:00,0,0.22321760654449463
Logistic catalogue,-1,test,2021-06-28 00:00:00+00:00,1,0.2458876073360443
Logistic catalogue,-1,test,2021-07-05 00:00:00+00:00,1,0.711060106754303
Logistic catalogue,-1,test,2021-07-12 00:00:00+00:00,0,0.3486340045928955
Logistic catalogue,-1,test,2021-07-19 00:00:00+00:00,0,0.3454155921936035
Logistic catalogue,-1,test,2021-07-26 00:00:00+00:00,0,0.32960158586502075
Logistic catalogue,-1,test,2021-08-02 00:00:00+00:00,0,0.33578988909721375
Logistic catalogue,-1,test,2021-08-09 00:00:00+00:00,0,0.2293889820575714
Logistic catalogue,-1,test,2021-08-16 00:00:00+00:00,0,0.2030564695596695
Logistic catalogue,-1,test,2021-08-23 00:00:00+00:00,0,0.2030564695596695
Logistic catalogue,-1,test,2021-08-30 00:00:00+00:00,0,0.19842615723609924
Logistic catalogue,-1,test,2021-09-06 00:00:00+00:00,0,0.1938757598400116
Logistic catalogue,-1,test,2021-09-13 00:00:00+00:00,0,0.18940505385398865
Logistic catalogue,-1,test,2021-09-20 00:00:00+00:00,0,0.16267229616641998
Logistic catalogue,-1,test,2021-09-27 00:00:00+00:00,0,0.23649409413337708
Logistic catalogue,-1,test,2021-10-04 00:00:00+00:00,0,0.2366720736026764
Logistic catalogue,-1,test,2021-10-11 00:00:00+00:00,0,0.24192549288272858
Logistic catalogue,-1,test,2021-10-18 00:00:00+00:00,0,0.1949794739484787
Logistic catalogue,-1,test,2021-10-25 00:00:00+00:00,0,0.19492791593074799
Logistic catalogue,-1,test,2021-11-01 00:00:00+00:00,1,0.19487637281417847
Logistic catalogue,-1,test,2021-11-08 00:00:00+00:00,0,0.22484517097473145
Logistic catalogue,-1,test,2021-11-15 00:00:00+00:00,0,0.2586634159088135
Logistic catalogue,-1,test,2021-11-22 00:00:00+00:00,0,0.2642998695373535
Logistic catalogue,-1,test,2021-11-29 00:00:00+00:00,0,0.2532300353050232
Logistic catalogue,-1,test,2021-12-06 00:00:00+00:00,1,0.21759532392024994
Logistic catalogue,-1,test,2021-12-13 00:00:00+00:00,1,0.21022415161132812
Logistic catalogue,-1,test,2021-12-20 00:00:00+00:00,0,0.2096792608499527
Logistic catalogue,-1,test,2021-12-27 00:00:00+00:00,0,0.21946093440055847
Logistic catalogue,-1,test,2022-01-03 00:00:00+00:00,0,0.2245018035173416
Logistic catalogue,-1,test,2022-01-10 00:00:00+00:00,0,0.2245018035173416
Logistic catalogue,-1,test,2022-01-17 00:00:00+00:00,0,0.1529693603515625
Logistic catalogue,-1,test,2022-01-24 00:00:00+00:00,0,0.20310962200164795
Logistic catalogue,-1,test,2022-01-31 00:00:00+00:00,0,0.19842615723609924
Logistic catalogue,-1,test,2022-02-07 00:00:00+00:00,0,0.20310962200164795
Logistic catalogue,-1,test,2022-02-14 00:00:00+00:00,0,0.19492791593074799
Logistic catalogue,-1,test,2022-02-21 00:00:00+00:00,1,0.1842842847108841
Logistic catalogue,-1,test,2022-02-28 00:00:00+00:00,0,0.21879836916923523
Logistic catalogue,-1,test,2022-03-07 00:00:00+00:00,0,0.20845705270767212
Logistic catalogue,-1,test,2022-03-14 00:00:00+00:00,0,0.20845705270767212
Logistic catalogue,-1,test,2022-03-21 00:00:00+00:00,0,0.2132040560245514
Logistic catalogue,-1,test,2022-03-28 00:00:00+00:00,1,0.20851126313209534
Logistic catalogue,-1,test,2022-04-04 00:00:00+00:00,0,0.20202437043190002
Logistic catalogue,-1,test,2022-04-11 00:00:00+00:00,1,0.20202437043190002
Logistic catalogue,-1,test,2022-04-18 00:00:00+00:00,0,0.2436891496181488
Logistic catalogue,-1,test,2022-04-25 00:00:00+00:00,0,0.23846913874149323
Logistic catalogue,-1,test,2022-05-02 00:00:00+00:00,1,0.23350276052951813
Logistic catalogue,-1,test,2022-05-09 00:00:00+00:00,0,0.28296276926994324
Logistic catalogue,-1,test,2022-05-16 00:00:00+00:00,1,0.27434802055358887
Logistic catalogue,-1,test,2022-05-23 00:00:00+00:00,0,0.2855381667613983
Logistic catalogue,-1,test,2022-05-30 00:00:00+00:00,0,0.29139426350593567
Logistic catalogue,-1,test,2022-06-06 00:00:00+00:00,0,0.22484517097473145
Logistic catalogue,-1,test,2022-06-13 00:00:00+00:00,1,0.22495968639850616
Logistic catalogue,-1,test,2022-06-20 00:00:00+00:00,1,0.21342456340789795
Logistic catalogue,-1,test,2022-06-27 00:00:00+00:00,0,0.21797338128089905
Logistic catalogue,-1,test,2022-07-04 00:00:00+00:00,0,0.2130938619375229
Logistic catalogue,-1,test,2022-07-11 00:00:00+00:00,1,0.2082403600215912
Logistic catalogue,-1,test,2022-07-18 00:00:00+00:00,0,0.21281856298446655
Logistic catalogue,-1,test,2022-07-25 00:00:00+00:00,0,0.2036817967891693
Logistic catalogue,-1,test,2022-08-01 00:00:00+00:00,0,0.19287903606891632
Logistic catalogue,-1,test,2022-08-08 00:00:00+00:00,0,0.19287903606891632
Logistic catalogue,-1,test,2022-08-15 00:00:00+00:00,0,0.22539328038692474
Logistic catalogue,-1,test,2022-08-22 00:00:00+00:00,0,0.2345893681049347
Logistic catalogue,-1,test,2022-08-29 00:00:00+00:00,0,0.2345893681049347
Logistic catalogue,-1,test,2022-09-05 00:00:00+00:00,0,0.2345893681049347
Logistic catalogue,-1,test,2022-09-12 00:00:00+00:00,0,0.16463342308998108
Logistic catalogue,-1,test,2022-09-19 00:00:00+00:00,0,0.23155635595321655
Logistic catalogue,-1,test,2022-09-26 00:00:00+00:00,0,0.2366720736026764
Logistic catalogue,-1,test,2022-10-03 00:00:00+00:00,0,0.2419857382774353
Logistic catalogue,-1,test,2022-10-10 00:00:00+00:00,0,0.20603103935718536
Logistic catalogue,-1,test,2022-10-17 00:00:00+00:00,1,0.23476636409759521
Logistic catalogue,-1,test,2022-10-24 00:00:00+00:00,0,0.24405255913734436
Logistic catalogue,-1,test,2022-10-31 00:00:00+00:00,0,0.23876751959323883
Logistic catalogue,-1,test,2022-11-07 00:00:00+00:00,1,0.23876751959323883
Logistic catalogue,-1,test,2022-11-14 00:00:00+00:00,0,0.14396049082279205
Logistic catalogue,-1,test,2022-11-21 00:00:00+00:00,0,0.2595517039299011
Logistic catalogue,-1,test,2022-11-28 00:00:00+00:00,0,0.2595517039299011
Logistic catalogue,-1,test,2022-12-05 00:00:00+00:00,1,0.26513656973838806
Logistic catalogue,-1,test,2022-12-12 00:00:00+00:00,0,0.28259244561195374
Logistic catalogue,-1,test,2022-12-19 00:00:00+00:00,0,0.270973801612854
Logistic catalogue,-1,test,2022-12-26 00:00:00+00:00,0,0.247092604637146
Logistic catalogue,-1,test,2023-01-02 00:00:00+00:00,0,0.25804972648620605
Logistic catalogue,-1,test,2023-01-09 00:00:00+00:00,1,0.25792396068573
Logistic catalogue,-1,test,2023-01-16 00:00:00+00:00,0,0.26573646068573
Logistic catalogue,-1,test,2023-01-23 00:00:00+00:00,0,0.26573646068573
Logistic catalogue,-1,test,2023-01-30 00:00:00+00:00,1,0.2546272873878479
Logistic catalogue,-1,test,2023-02-06 00:00:00+00:00,0,0.3704017102718353
Logistic catalogue,-1,test,2023-02-13 00:00:00+00:00,0,0.2518172264099121
Logistic catalogue,-1,test,2023-02-20 00:00:00+00:00,1,0.25175535678863525
Logistic catalogue,-1,test,2023-02-27 00:00:00+00:00,0,0.28119367361068726
Logistic catalogue,-1,test,2023-03-06 00:00:00+00:00,1,0.2668629288673401
Logistic catalogue,-1,test,2023-03-13 00:00:00+00:00,0,0.25887665152549744
Logistic catalogue,-1,test,2023-03-20 00:00:00+00:00,1,0.25337815284729004
Logistic catalogue,-1,test,2023-03-27 00:00:00+00:00,0,0.2080940157175064
Logistic catalogue,-1,test,2023-04-03 00:00:00+00:00,0,0.15692219138145447
Logistic catalogue,-1,test,2023-04-10 00:00:00+00:00,0,0.20831064879894257
Logistic catalogue,-1,test,2023-04-17 00:00:00+00:00,0,0.21316537261009216
Logistic catalogue,-1,test,2023-04-24 00:00:00+00:00,0,0.1904386729001999
Logistic catalogue,-1,test,2023-05-01 00:00:00+00:00,0,0.2225487381219864
Logistic catalogue,-1,test,2023-05-08 00:00:00+00:00,0,0.21759532392024994
Logistic catalogue,-1,test,2023-05-15 00:00:00+00:00,0,0.21266697347164154
Logistic catalogue,-1,test,2023-05-22 00:00:00+00:00,0,0.21753939986228943
Logistic catalogue,-1,test,2023-05-29 00:00:00+00:00,0,0.1859792023897171
Logistic catalogue,-1,test,2023-06-05 00:00:00+00:00,0,0.1859792023897171
Logistic catalogue,-1,test,2023-06-12 00:00:00+00:00,0,0.1859792023897171
Logistic catalogue,-1,test,2023-06-19 00:00:00+00:00,0,0.15380291640758514
Logistic catalogue,-1,test,2023-06-26 00:00:00+00:00,0,0.15380291640758514
Logistic catalogue,-1,test,2023-07-03 00:00:00+00:00,1,0.1859792023897171
Logistic catalogue,-1,test,2023-07-10 00:00:00+00:00,0,0.3434326648712158
Logistic catalogue,-1,test,2023-07-17 00:00:00+00:00,0,0.2150558978319168
Logistic catalogue,-1,test,2023-07-24 00:00:00+00:00,0,0.22002412378787994
Logistic catalogue,-1,test,2023-07-31 00:00:00+00:00,0,0.21511133015155792
Logistic catalogue,-1,test,2023-08-07 00:00:00+00:00,0,0.21022415161132812
Logistic catalogue,-1,test,2023-08-14 00:00:00+00:00,0,0.1842842847108841
Logistic catalogue,-1,test,2023-08-21 00:00:00+00:00,0,0.15380291640758514
Logistic catalogue,-1,test,2023-08-28 00:00:00+00:00,1,0.18768610060214996
Logistic catalogue,-1,test,2023-09-04 00:00:00+00:00,1,0.23431214690208435
Logistic catalogue,-1,test,2023-09-11 00:00:00+00:00,1,0.26014649868011475
Logistic catalogue,-1,test,2023-09-18 00:00:00+00:00,0,0.28335312008857727
Logistic catalogue,-1,test,2023-09-25 00:00:00+00:00,0,0.25989365577697754
Logistic catalogue,-1,test,2023-10-02 00:00:00+00:00,0,0.22129517793655396
Logistic catalogue,-1,test,2023-10-09 00:00:00+00:00,0,0.19463412463665009
Logistic catalogue,-1,test,2023-10-16 00:00:00+00:00,0,0.19463412463665009
Logistic catalogue,-1,test,2023-10-23 00:00:00+00:00,1,0.20892883837223053
Logistic catalogue,-1,test,2023-10-30 00:00:00+00:00,1,0.2312816083431244
Logistic catalogue,-1,test,2023-11-06 00:00:00+00:00,1,0.266750305891037
Logistic catalogue,-1,test,2023-11-13 00:00:00+00:00,0,0.2777954339981079
Logistic catalogue,-1,test,2023-11-20 00:00:00+00:00,0,0.24756981432437897
Logistic catalogue,-1,test,2023-11-27 00:00:00+00:00,0,0.22245927155017853
Logistic catalogue,-1,test,2023-12-04 00:00:00+00:00,0,0.2727612257003784
Logistic catalogue,-1,test,2023-12-11 00:00:00+00:00,0,0.18289931118488312
Logistic catalogue,-1,test,2023-12-18 00:00:00+00:00,0,0.2573983073234558
Logistic catalogue,-1,test,2023-12-25 00:00:00+00:00,0,0.1995493769645691
Logistic catalogue,-1,test,2024-01-01 00:00:00+00:00,0,0.1904386729001999
Logistic catalogue,-1,test,2024-01-08 00:00:00+00:00,0,0.1904386729001999
Logistic catalogue,-1,test,2024-01-15 00:00:00+00:00,0,0.1904386729001999
Logistic catalogue,-1,test,2024-01-22 00:00:00+00:00,1,0.20780974626541138
Logistic catalogue,-1,test,2024-01-29 00:00:00+00:00,0,0.24958328902721405
Logistic catalogue,-1,test,2024-02-05 00:00:00+00:00,1,0.25490275025367737
Logistic catalogue,-1,test,2024-02-12 00:00:00+00:00,1,0.330218106508255
Logistic catalogue,-1,test,2024-02-19 00:00:00+00:00,0,0.27351343631744385
Logistic catalogue,-1,test,2024-02-26 00:00:00+00:00,0,0.22611886262893677
Logistic catalogue,-1,test,2024-03-04 00:00:00+00:00,0,0.22611886262893677
Logistic catalogue,-1,test,2024-03-11 00:00:00+00:00,1,0.17575624585151672
Logistic catalogue,-1,test,2024-03-18 00:00:00+00:00,0,0.21347969770431519
Logistic catalogue,-1,test,2024-03-25 00:00:00+00:00,0,0.21347969770431519
Logistic catalogue,-1,test,2024-04-01 00:00:00+00:00,0,0.14913922548294067
Logistic catalogue,-1,test,2024-04-08 00:00:00+00:00,0,0.2135348618030548
Logistic catalogue,-1,test,2024-04-15 00:00:00+00:00,0,0.19960182905197144
Logistic catalogue,-1,test,2024-04-22 00:00:00+00:00,0,0.19960182905197144
Logistic catalogue,-1,test,2024-04-29 00:00:00+00:00,0,0.20135003328323364
Logistic catalogue,-1,test,2024-05-06 00:00:00+00:00,0,0.19669711589813232
Logistic catalogue,-1,test,2024-05-13 00:00:00+00:00,0,0.19217684864997864
Logistic catalogue,-1,test,2024-05-20 00:00:00+00:00,0,0.20011402666568756
Logistic catalogue,-1,test,2024-05-27 00:00:00+00:00,0,0.19558604061603546
Logistic catalogue,-1,test,2024-06-03 00:00:00+00:00,0,0.19558604061603546
Logistic catalogue,-1,test,2024-06-10 00:00:00+00:00,0,0.20016661286354065
Logistic catalogue,-1,test,2024-06-17 00:00:00+00:00,0,0.1859792023897171
Logistic catalogue,-1,test,2024-06-24 00:00:00+00:00,0,0.1859792023897171
Logistic catalogue,-1,test,2024-07-01 00:00:00+00:00,0,0.15003861486911774
Logistic catalogue,-1,test,2024-07-08 00:00:00+00:00,0,0.21261227130889893
Logistic catalogue,-1,test,2024-07-15 00:00:00+00:00,0,0.20782089233398438
Logistic catalogue,-1,test,2024-07-22 00:00:00+00:00,0,0.20782089233398438
Logistic catalogue,-1,test,2024-07-29 00:00:00+00:00,0,0.1938757598400116
Logistic catalogue,-1,test,2024-08-05 00:00:00+00:00,0,0.15380291640758514
Logistic catalogue,-1,test,2024-08-12 00:00:00+00:00,0,0.162183478474617
Logistic catalogue,-1,test,2024-08-19 00:00:00+00:00,0,0.1939270943403244
Logistic catalogue,-1,test,2024-08-26 00:00:00+00:00,1,0.1939270943403244
Logistic catalogue,-1,test,2024-09-02 00:00:00+00:00,1,0.21138019859790802
Logistic catalogue,-1,test,2024-09-09 00:00:00+00:00,0,0.23482856154441833
Logistic catalogue,-1,test,2024-09-16 00:00:00+00:00,1,0.2296825647354126
Logistic catalogue,-1,test,2024-09-23 00:00:00+00:00,1,0.25109392404556274
Logistic catalogue,-1,test,2024-09-30 00:00:00+00:00,0,0.22898587584495544
Logistic catalogue,-1,test,2024-10-07 00:00:00+00:00,0,0.2090403288602829
Logistic catalogue,-1,test,2024-10-14 00:00:00+00:00,0,0.20914898812770844
Logistic catalogue,-1,test,2024-10-21 00:00:00+00:00,0,0.20914898812770844
Logistic catalogue,-1,test,2024-10-28 00:00:00+00:00,0,0.19568940997123718
Logistic catalogue,-1,test,2024-11-04 00:00:00+00:00,0,0.15057353675365448
Logistic catalogue,-1,test,2024-11-11 00:00:00+00:00,0,0.17999526858329773
Logistic catalogue,-1,test,2024-11-18 00:00:00+00:00,0,0.20466668903827667
Logistic catalogue,-1,test,2024-11-25 00:00:00+00:00,1,0.19832168519496918
Logistic catalogue,-1,test,2024-12-02 00:00:00+00:00,0,0.20834867656230927
Logistic catalogue,-1,test,2024-12-09 00:00:00+00:00,0,0.19909317791461945
Logistic catalogue,-1,test,2024-12-16 00:00:00+00:00,0,0.19463412463665009
Logistic catalogue,-1,test,2024-12-23 00:00:00+00:00,0,0.19463412463665009
Logistic catalogue,-1,test,2024-12-30 00:00:00+00:00,1,0.15380291640758514
Logistic catalogue,-1,test,2025-01-06 00:00:00+00:00,0,0.2536889910697937
Logistic catalogue,-1,test,2025-01-13 00:00:00+00:00,0,0.180003359913826
Logistic catalogue,-1,test,2025-01-20 00:00:00+00:00,0,0.25925496220588684
Logistic catalogue,-1,test,2025-01-27 00:00:00+00:00,0,0.25925496220588684
Logistic catalogue,-1,test,2025-02-03 00:00:00+00:00,0,0.15747806429862976
Logistic catalogue,-1,test,2025-02-10 00:00:00+00:00,0,0.19842615723609924
Logistic catalogue,-1,test,2025-02-17 00:00:00+00:00,0,0.19832168519496918
Logistic catalogue,-1,test,2025-02-24 00:00:00+00:00,0,0.19832168519496918
Logistic catalogue,-1,test,2025-03-03 00:00:00+00:00,0,0.19659332931041718
Logistic catalogue,-1,test,2025-03-10 00:00:00+00:00,0,0.1983739286661148
Logistic catalogue,-1,test,2025-03-17 00:00:00+00:00,1,0.17415301501750946
Logistic catalogue,-1,test,2025-03-24 00:00:00+00:00,1,0.24458329379558563
Logistic catalogue,-1,test,2025-03-31 00:00:00+00:00,0,0.24427993595600128
Logistic catalogue,-1,test,2025-04-07 00:00:00+00:00,0,0.2391110360622406
Logistic catalogue,-1,test,2025-04-14 00:00:00+00:00,0,0.24172765016555786
Logistic catalogue,-1,test,2025-04-21 00:00:00+00:00,1,0.2252860963344574
Logistic catalogue,-1,test,2025-04-28 00:00:00+00:00,0,0.1581025868654251
Logistic catalogue,-1,test,2025-05-05 00:00:00+00:00,1,0.16589254140853882
Logistic catalogue,-1,test,2025-05-12 00:00:00+00:00,0,0.1896662414073944
Logistic catalogue,-1,test,2025-05-19 00:00:00+00:00,0,0.2457658052444458
Logistic catalogue,-1,test,2025-05-26 00:00:00+00:00,0,0.24075554311275482
Logistic catalogue,-1,test,2025-06-02 00:00:00+00:00,0,0.16202668845653534
Logistic catalogue,-1,test,2025-06-09 00:00:00+00:00,0,0.1904386729001999
Logistic catalogue,-1,test,2025-06-16 00:00:00+00:00,0,0.18871255218982697
Logistic catalogue,-1,test,2025-06-23 00:00:00+00:00,0,0.15607964992523193
Logistic catalogue,-1,test,2025-06-30 00:00:00+00:00,1,0.20310962200164795
Logistic catalogue,-1,test,2025-07-07 00:00:00+00:00,0,0.2260182648897171
Logistic catalogue,-1,test,2025-07-14 00:00:00+00:00,0,0.22095300257205963
Logistic catalogue,-1,test,2025-07-21 00:00:00+00:00,0,0.22590334713459015
Logistic catalogue,-1,test,2025-07-28 00:00:00+00:00,0,0.16728703677654266
Logistic catalogue,-1,test,2025-08-04 00:00:00+00:00,0,0.19669711589813232
Logistic catalogue,-1,test,2025-08-11 00:00:00+00:00,0,0.19669711589813232
Logistic catalogue,-1,test,2025-08-18 00:00:00+00:00,0,0.1904386729001999
Logistic catalogue,-1,test,2025-08-25 00:00:00+00:00,0,0.19960182905197144
Logistic catalogue,-1,test,2025-09-01 00:00:00+00:00,0,0.18871255218982697
Logistic catalogue,-1,test,2025-09-08 00:00:00+00:00,0,0.1949794739484787
Logistic catalogue,-1,test,2025-09-15 00:00:00+00:00,0,0.1949794739484787
Logistic catalogue,-1,test,2025-09-22 00:00:00+00:00,0,0.1995493769645691
Logistic catalogue,-1,test,2025-09-29 00:00:00+00:00,1,0.19492791593074799
Logistic catalogue,-1,test,2025-10-06 00:00:00+00:00,0,0.2094208002090454
Logistic catalogue,-1,test,2025-10-13 00:00:00+00:00,1,0.14607642590999603
Logistic catalogue,-1,test,2025-10-20 00:00:00+00:00,0,0.25055575370788574
Logistic catalogue,-1,test,2025-10-27 00:00:00+00:00,0,0.214655339717865
Logistic catalogue,-1,test,2025-11-03 00:00:00+00:00,0,0.2646460235118866
Logistic catalogue,-1,test,2025-11-10 00:00:00+00:00,1,0.2646460235118866
Logistic catalogue,-1,test,2025-11-17 00:00:00+00:00,0,0.23589937388896942
Logistic catalogue,-1,test,2025-11-24 00:00:00+00:00,0,0.2308536171913147
Logistic catalogue,-1,test,2025-12-01 00:00:00+00:00,0,0.21836528182029724
Logistic catalogue,-1,test,2025-12-08 00:00:00+00:00,1,0.21836528182029724
Logistic catalogue,-1,test,2025-12-15 00:00:00+00:00,0,0.22702239453792572
Logistic catalogue,-1,test,2025-12-22 00:00:00+00:00,0,0.2009434700012207
LSTM catalogue,7,test,2021-01-04 00:00:00+00:00,0,0.1598055064678192
LSTM catalogue,7,test,2021-01-11 00:00:00+00:00,1,0.25827106833457947
LSTM catalogue,7,test,2021-01-18 00:00:00+00:00,1,0.20351561903953552
LSTM catalogue,7,test,2021-01-25 00:00:00+00:00,0,0.4200843572616577
LSTM catalogue,7,test,2021-02-01 00:00:00+00:00,0,0.24829845130443573
LSTM catalogue,7,test,2021-02-08 00:00:00+00:00,1,0.20646561682224274
LSTM catalogue,7,test,2021-02-15 00:00:00+00:00,0,0.20964470505714417
LSTM catalogue,7,test,2021-02-22 00:00:00+00:00,0,0.2765156924724579
LSTM catalogue,7,test,2021-03-01 00:00:00+00:00,0,0.29464906454086304
LSTM catalogue,7,test,2021-03-08 00:00:00+00:00,1,0.23448118567466736
LSTM catalogue,7,test,2021-03-15 00:00:00+00:00,0,0.23379117250442505
LSTM catalogue,7,test,2021-03-22 00:00:00+00:00,0,0.21014317870140076
LSTM catalogue,7,test,2021-03-29 00:00:00+00:00,0,0.2042997032403946
LSTM catalogue,7,test,2021-04-05 00:00:00+00:00,0,0.20480002462863922
LSTM catalogue,7,test,2021-04-12 00:00:00+00:00,0,0.17352893948554993
LSTM catalogue,7,test,2021-04-19 00:00:00+00:00,1,0.23782479763031006
LSTM catalogue,7,test,2021-04-26 00:00:00+00:00,1,0.3421858847141266
LSTM catalogue,7,test,2021-05-03 00:00:00+00:00,0,0.32436269521713257
LSTM catalogue,7,test,2021-05-10 00:00:00+00:00,0,0.23053880035877228
LSTM catalogue,7,test,2021-05-17 00:00:00+00:00,0,0.21359899640083313
LSTM catalogue,7,test,2021-05-24 00:00:00+00:00,0,0.1490362286567688
LSTM catalogue,7,test,2021-05-31 00:00:00+00:00,0,0.25786688923835754
LSTM catalogue,7,test,2021-06-07 00:00:00+00:00,1,0.17903688549995422
LSTM catalogue,7,test,2021-06-14 00:00:00+00:00,0,0.31335216760635376
LSTM catalogue,7,test,2021-06-21 00:00:00+00:00,0,0.268500417470932
LSTM catalogue,7,test,2021-06-28 00:00:00+00:00,1,0.2813171446323395
LSTM catalogue,7,test,2021-07-05 00:00:00+00:00,1,0.5245397090911865
LSTM catalogue,7,test,2021-07-12 00:00:00+00:00,0,0.34645283222198486
LSTM catalogue,7,test,2021-07-19 00:00:00+00:00,0,0.2442227452993393
LSTM catalogue,7,test,2021-07-26 00:00:00+00:00,0,0.2117561250925064
LSTM catalogue,7,test,2021-08-02 00:00:00+00:00,0,0.20610782504081726
LSTM catalogue,7,test,2021-08-09 00:00:00+00:00,0,0.24081280827522278
LSTM catalogue,7,test,2021-08-16 00:00:00+00:00,0,0.2254621386528015
LSTM catalogue,7,test,2021-08-23 00:00:00+00:00,0,0.22455374896526337
LSTM catalogue,7,test,2021-08-30 00:00:00+00:00,0,0.2127469927072525
LSTM catalogue,7,test,2021-09-06 00:00:00+00:00,0,0.2087099701166153
LSTM catalogue,7,test,2021-09-13 00:00:00+00:00,0,0.21324430406093597
LSTM catalogue,7,test,2021-09-20 00:00:00+00:00,0,0.24513408541679382
LSTM catalogue,7,test,2021-09-27 00:00:00+00:00,0,0.26735979318618774
LSTM catalogue,7,test,2021-10-04 00:00:00+00:00,0,0.24082040786743164
LSTM catalogue,7,test,2021-10-11 00:00:00+00:00,0,0.2410397082567215
LSTM catalogue,7,test,2021-10-18 00:00:00+00:00,0,0.22064290940761566
LSTM catalogue,7,test,2021-10-25 00:00:00+00:00,0,0.181229367852211
LSTM catalogue,7,test,2021-11-01 00:00:00+00:00,1,0.234599769115448
LSTM catalogue,7,test,2021-11-08 00:00:00+00:00,0,0.3232082426548004
LSTM catalogue,7,test,2021-11-15 00:00:00+00:00,0,0.2798023819923401
LSTM catalogue,7,test,2021-11-22 00:00:00+00:00,0,0.21946974098682404
LSTM catalogue,7,test,2021-11-29 00:00:00+00:00,0,0.2202419489622116
LSTM catalogue,7,test,2021-12-06 00:00:00+00:00,1,0.2112826406955719
LSTM catalogue,7,test,2021-12-13 00:00:00+00:00,1,0.264314204454422
LSTM catalogue,7,test,2021-12-20 00:00:00+00:00,0,0.2592537999153137
LSTM catalogue,7,test,2021-12-27 00:00:00+00:00,0,0.22324907779693604
LSTM catalogue,7,test,2022-01-03 00:00:00+00:00,0,0.2391587346792221
LSTM catalogue,7,test,2022-01-10 00:00:00+00:00,0,0.22020594775676727
LSTM catalogue,7,test,2022-01-17 00:00:00+00:00,0,0.1674339473247528
LSTM catalogue,7,test,2022-01-24 00:00:00+00:00,0,0.2508500814437866
LSTM catalogue,7,test,2022-01-31 00:00:00+00:00,0,0.222891166806221
LSTM catalogue,7,test,2022-02-07 00:00:00+00:00,0,0.2235480099916458
LSTM catalogue,7,test,2022-02-14 00:00:00+00:00,0,0.2174544334411621
LSTM catalogue,7,test,2022-02-21 00:00:00+00:00,1,0.209049791097641
LSTM catalogue,7,test,2022-02-28 00:00:00+00:00,0,0.21749256551265717
LSTM catalogue,7,test,2022-03-07 00:00:00+00:00,0,0.24001632630825043
LSTM catalogue,7,test,2022-03-14 00:00:00+00:00,0,0.24095138907432556
LSTM catalogue,7,test,2022-03-21 00:00:00+00:00,0,0.19608649611473083
LSTM catalogue,7,test,2022-03-28 00:00:00+00:00,1,0.22118929028511047
LSTM catalogue,7,test,2022-04-04 00:00:00+00:00,0,0.22710062563419342
LSTM catalogue,7,test,2022-04-11 00:00:00+00:00,1,0.22312889993190765
LSTM catalogue,7,test,2022-04-18 00:00:00+00:00,0,0.3159863352775574
LSTM catalogue,7,test,2022-04-25 00:00:00+00:00,0,0.25380584597587585
LSTM catalogue,7,test,2022-05-02 00:00:00+00:00,1,0.21614257991313934
LSTM catalogue,7,test,2022-05-09 00:00:00+00:00,0,0.2900320589542389
LSTM catalogue,7,test,2022-05-16 00:00:00+00:00,1,0.23521772027015686
LSTM catalogue,7,test,2022-05-23 00:00:00+00:00,0,0.2664784789085388
LSTM catalogue,7,test,2022-05-30 00:00:00+00:00,0,0.22404298186302185
LSTM catalogue,7,test,2022-06-06 00:00:00+00:00,0,0.20839925110340118
LSTM catalogue,7,test,2022-06-13 00:00:00+00:00,1,0.256814569234848
LSTM catalogue,7,test,2022-06-20 00:00:00+00:00,1,0.25181227922439575
LSTM catalogue,7,test,2022-06-27 00:00:00+00:00,0,0.2862759530544281
LSTM catalogue,7,test,2022-07-04 00:00:00+00:00,0,0.24489566683769226
LSTM catalogue,7,test,2022-07-11 00:00:00+00:00,1,0.21664853394031525
LSTM catalogue,7,test,2022-07-18 00:00:00+00:00,0,0.22359782457351685
LSTM catalogue,7,test,2022-07-25 00:00:00+00:00,0,0.21226589381694794
LSTM catalogue,7,test,2022-08-01 00:00:00+00:00,0,0.20562449097633362
LSTM catalogue,7,test,2022-08-08 00:00:00+00:00,0,0.20549042522907257
LSTM catalogue,7,test,2022-08-15 00:00:00+00:00,0,0.22305510938167572
LSTM catalogue,7,test,2022-08-22 00:00:00+00:00,0,0.27569514513015747
LSTM catalogue,7,test,2022-08-29 00:00:00+00:00,0,0.2531603276729584
LSTM catalogue,7,test,2022-09-05 00:00:00+00:00,0,0.22208985686302185
LSTM catalogue,7,test,2022-09-12 00:00:00+00:00,0,0.15906278789043427
LSTM catalogue,7,test,2022-09-19 00:00:00+00:00,0,0.2442692369222641
LSTM catalogue,7,test,2022-09-26 00:00:00+00:00,0,0.2224905788898468
LSTM catalogue,7,test,2022-10-03 00:00:00+00:00,0,0.2625814974308014
LSTM catalogue,7,test,2022-10-10 00:00:00+00:00,0,0.24111047387123108
LSTM catalogue,7,test,2022-10-17 00:00:00+00:00,1,0.2591524124145508
LSTM catalogue,7,test,2022-10-24 00:00:00+00:00,0,0.26042598485946655
LSTM catalogue,7,test,2022-10-31 00:00:00+00:00,0,0.20799127221107483
LSTM catalogue,7,test,2022-11-07 00:00:00+00:00,1,0.23021557927131653
LSTM catalogue,7,test,2022-11-14 00:00:00+00:00,0,0.16554567217826843
LSTM catalogue,7,test,2022-11-21 00:00:00+00:00,0,0.2832762897014618
LSTM catalogue,7,test,2022-11-28 00:00:00+00:00,0,0.2546517252922058
LSTM catalogue,7,test,2022-12-05 00:00:00+00:00,1,0.21756412088871002
LSTM catalogue,7,test,2022-12-12 00:00:00+00:00,0,0.3675265908241272
LSTM catalogue,7,test,2022-12-19 00:00:00+00:00,0,0.24572093784809113
LSTM catalogue,7,test,2022-12-26 00:00:00+00:00,0,0.21457168459892273
LSTM catalogue,7,test,2023-01-02 00:00:00+00:00,0,0.2560894787311554
LSTM catalogue,7,test,2023-01-09 00:00:00+00:00,1,0.32047179341316223
LSTM catalogue,7,test,2023-01-16 00:00:00+00:00,0,0.36594316363334656
LSTM catalogue,7,test,2023-01-23 00:00:00+00:00,0,0.2602674067020416
LSTM catalogue,7,test,2023-01-30 00:00:00+00:00,1,0.22414015233516693
LSTM catalogue,7,test,2023-02-06 00:00:00+00:00,0,0.4159672260284424
LSTM catalogue,7,test,2023-02-13 00:00:00+00:00,0,0.2991628348827362
LSTM catalogue,7,test,2023-02-20 00:00:00+00:00,1,0.22693540155887604
LSTM catalogue,7,test,2023-02-27 00:00:00+00:00,0,0.2803717255592346
LSTM catalogue,7,test,2023-03-06 00:00:00+00:00,1,0.2154311090707779
LSTM catalogue,7,test,2023-03-13 00:00:00+00:00,0,0.21493034064769745
LSTM catalogue,7,test,2023-03-20 00:00:00+00:00,1,0.20566247403621674
LSTM catalogue,7,test,2023-03-27 00:00:00+00:00,0,0.23646500706672668
LSTM catalogue,7,test,2023-04-03 00:00:00+00:00,0,0.1397879719734192
LSTM catalogue,7,test,2023-04-10 00:00:00+00:00,0,0.2104419469833374
LSTM catalogue,7,test,2023-04-17 00:00:00+00:00,0,0.21868310868740082
LSTM catalogue,7,test,2023-04-24 00:00:00+00:00,0,0.21647629141807556
LSTM catalogue,7,test,2023-05-01 00:00:00+00:00,0,0.2281138151884079
LSTM catalogue,7,test,2023-05-08 00:00:00+00:00,0,0.2141406387090683
LSTM catalogue,7,test,2023-05-15 00:00:00+00:00,0,0.20716312527656555
LSTM catalogue,7,test,2023-05-22 00:00:00+00:00,0,0.18991859257221222
LSTM catalogue,7,test,2023-05-29 00:00:00+00:00,0,0.21522417664527893
LSTM catalogue,7,test,2023-06-05 00:00:00+00:00,0,0.20981746912002563
LSTM catalogue,7,test,2023-06-12 00:00:00+00:00,0,0.2078050971031189
LSTM catalogue,7,test,2023-06-19 00:00:00+00:00,0,0.20586757361888885
LSTM catalogue,7,test,2023-06-26 00:00:00+00:00,0,0.20586757361888885
LSTM catalogue,7,test,2023-07-03 00:00:00+00:00,1,0.21081361174583435
LSTM catalogue,7,test,2023-07-10 00:00:00+00:00,0,0.3363317549228668
LSTM catalogue,7,test,2023-07-17 00:00:00+00:00,0,0.2466123104095459
LSTM catalogue,7,test,2023-07-24 00:00:00+00:00,0,0.18797530233860016
LSTM catalogue,7,test,2023-07-31 00:00:00+00:00,0,0.2130412608385086
LSTM catalogue,7,test,2023-08-07 00:00:00+00:00,0,0.208199143409729
LSTM catalogue,7,test,2023-08-14 00:00:00+00:00,0,0.20850861072540283
LSTM catalogue,7,test,2023-08-21 00:00:00+00:00,0,0.20586757361888885
LSTM catalogue,7,test,2023-08-28 00:00:00+00:00,1,0.20231549441814423
LSTM catalogue,7,test,2023-09-04 00:00:00+00:00,1,0.2610507309436798
LSTM catalogue,7,test,2023-09-11 00:00:00+00:00,1,0.30634570121765137
LSTM catalogue,7,test,2023-09-18 00:00:00+00:00,0,0.19102782011032104
LSTM catalogue,7,test,2023-09-25 00:00:00+00:00,0,0.21243223547935486
LSTM catalogue,7,test,2023-10-02 00:00:00+00:00,0,0.20390713214874268
LSTM catalogue,7,test,2023-10-09 00:00:00+00:00,0,0.20481982827186584
LSTM catalogue,7,test,2023-10-16 00:00:00+00:00,0,0.20515169203281403
LSTM catalogue,7,test,2023-10-23 00:00:00+00:00,1,0.1910712867975235
LSTM catalogue,7,test,2023-10-30 00:00:00+00:00,1,0.26561450958251953
LSTM catalogue,7,test,2023-11-06 00:00:00+00:00,1,0.27486827969551086
LSTM catalogue,7,test,2023-11-13 00:00:00+00:00,0,0.23931318521499634
LSTM catalogue,7,test,2023-11-20 00:00:00+00:00,0,0.22387641668319702
LSTM catalogue,7,test,2023-11-27 00:00:00+00:00,0,0.22007465362548828
LSTM catalogue,7,test,2023-12-04 00:00:00+00:00,0,0.27930858731269836
LSTM catalogue,7,test,2023-12-11 00:00:00+00:00,0,0.16595619916915894
LSTM catalogue,7,test,2023-12-18 00:00:00+00:00,0,0.22900626063346863
LSTM catalogue,7,test,2023-12-25 00:00:00+00:00,0,0.1901741921901703
LSTM catalogue,7,test,2024-01-01 00:00:00+00:00,0,0.21962563693523407
LSTM catalogue,7,test,2024-01-08 00:00:00+00:00,0,0.21308119595050812
LSTM catalogue,7,test,2024-01-15 00:00:00+00:00,0,0.19899319112300873
LSTM catalogue,7,test,2024-01-22 00:00:00+00:00,1,0.17079223692417145
LSTM catalogue,7,test,2024-01-29 00:00:00+00:00,0,0.3271038234233856
LSTM catalogue,7,test,2024-02-05 00:00:00+00:00,1,0.23871415853500366
LSTM catalogue,7,test,2024-02-12 00:00:00+00:00,1,0.26937270164489746
LSTM catalogue,7,test,2024-02-19 00:00:00+00:00,0,0.337683767080307
LSTM catalogue,7,test,2024-02-26 00:00:00+00:00,0,0.20305326581001282
LSTM catalogue,7,test,2024-03-04 00:00:00+00:00,0,0.21232643723487854
LSTM catalogue,7,test,2024-03-11 00:00:00+00:00,1,0.16593456268310547
LSTM catalogue,7,test,2024-03-18 00:00:00+00:00,0,0.3192715644836426
LSTM catalogue,7,test,2024-03-25 00:00:00+00:00,0,0.2014530897140503
LSTM catalogue,7,test,2024-04-01 00:00:00+00:00,0,0.1577475219964981
LSTM catalogue,7,test,2024-04-08 00:00:00+00:00,0,0.22721675038337708
LSTM catalogue,7,test,2024-04-15 00:00:00+00:00,0,0.21159827709197998
LSTM catalogue,7,test,2024-04-22 00:00:00+00:00,0,0.24193821847438812
LSTM catalogue,7,test,2024-04-29 00:00:00+00:00,0,0.23081354796886444
LSTM catalogue,7,test,2024-05-06 00:00:00+00:00,0,0.2199956327676773
LSTM catalogue,7,test,2024-05-13 00:00:00+00:00,0,0.21025465428829193
LSTM catalogue,7,test,2024-05-20 00:00:00+00:00,0,0.22071783244609833
LSTM catalogue,7,test,2024-05-27 00:00:00+00:00,0,0.2222708910703659
LSTM catalogue,7,test,2024-06-03 00:00:00+00:00,0,0.20977863669395447
LSTM catalogue,7,test,2024-06-10 00:00:00+00:00,0,0.17671282589435577
LSTM catalogue,7,test,2024-06-17 00:00:00+00:00,0,0.2154427170753479
LSTM catalogue,7,test,2024-06-24 00:00:00+00:00,0,0.2104632407426834
LSTM catalogue,7,test,2024-07-01 00:00:00+00:00,0,0.2270888239145279
LSTM catalogue,7,test,2024-07-08 00:00:00+00:00,0,0.3159407079219818
LSTM catalogue,7,test,2024-07-15 00:00:00+00:00,0,0.24674023687839508
LSTM catalogue,7,test,2024-07-22 00:00:00+00:00,0,0.2193218171596527
LSTM catalogue,7,test,2024-07-29 00:00:00+00:00,0,0.20823752880096436
LSTM catalogue,7,test,2024-08-05 00:00:00+00:00,0,0.20586757361888885
LSTM catalogue,7,test,2024-08-12 00:00:00+00:00,0,0.15357449650764465
LSTM catalogue,7,test,2024-08-19 00:00:00+00:00,0,0.2157076746225357
LSTM catalogue,7,test,2024-08-26 00:00:00+00:00,1,0.22146548330783844
LSTM catalogue,7,test,2024-09-02 00:00:00+00:00,1,0.29124435782432556
LSTM catalogue,7,test,2024-09-09 00:00:00+00:00,0,0.3685210049152374
LSTM catalogue,7,test,2024-09-16 00:00:00+00:00,1,0.2484159618616104
LSTM catalogue,7,test,2024-09-23 00:00:00+00:00,1,0.1992516666650772
LSTM catalogue,7,test,2024-09-30 00:00:00+00:00,0,0.2541041672229767
LSTM catalogue,7,test,2024-10-07 00:00:00+00:00,0,0.21002644300460815
LSTM catalogue,7,test,2024-10-14 00:00:00+00:00,0,0.1677861213684082
LSTM catalogue,7,test,2024-10-21 00:00:00+00:00,0,0.21327096223831177
LSTM catalogue,7,test,2024-10-28 00:00:00+00:00,0,0.21949762105941772
LSTM catalogue,7,test,2024-11-04 00:00:00+00:00,0,0.16216295957565308
LSTM catalogue,7,test,2024-11-11 00:00:00+00:00,0,0.19750075042247772
LSTM catalogue,7,test,2024-11-18 00:00:00+00:00,0,0.23177401721477509
LSTM catalogue,7,test,2024-11-25 00:00:00+00:00,1,0.21356843411922455
LSTM catalogue,7,test,2024-12-02 00:00:00+00:00,0,0.22574880719184875
LSTM catalogue,7,test,2024-12-09 00:00:00+00:00,0,0.20935800671577454
LSTM catalogue,7,test,2024-12-16 00:00:00+00:00,0,0.20485475659370422
LSTM catalogue,7,test,2024-12-23 00:00:00+00:00,0,0.2051135152578354
LSTM catalogue,7,test,2024-12-30 00:00:00+00:00,1,0.20586757361888885
LSTM catalogue,7,test,2025-01-06 00:00:00+00:00,0,0.24300575256347656
LSTM catalogue,7,test,2025-01-13 00:00:00+00:00,0,0.14317002892494202
LSTM catalogue,7,test,2025-01-20 00:00:00+00:00,0,0.2151978611946106
LSTM catalogue,7,test,2025-01-27 00:00:00+00:00,0,0.21181830763816833
LSTM catalogue,7,test,2025-02-03 00:00:00+00:00,0,0.166096493601799
LSTM catalogue,7,test,2025-02-10 00:00:00+00:00,0,0.2274295836687088
LSTM catalogue,7,test,2025-02-17 00:00:00+00:00,0,0.21163102984428406
LSTM catalogue,7,test,2025-02-24 00:00:00+00:00,0,0.21710500121116638
LSTM catalogue,7,test,2025-03-03 00:00:00+00:00,0,0.21648085117340088
LSTM catalogue,7,test,2025-03-10 00:00:00+00:00,0,0.22627660632133484
LSTM catalogue,7,test,2025-03-17 00:00:00+00:00,1,0.18768325448036194
LSTM catalogue,7,test,2025-03-24 00:00:00+00:00,1,0.28338423371315
LSTM catalogue,7,test,2025-03-31 00:00:00+00:00,0,0.23386313021183014
LSTM catalogue,7,test,2025-04-07 00:00:00+00:00,0,0.20767267048358917
LSTM catalogue,7,test,2025-04-14 00:00:00+00:00,0,0.17776581645011902
LSTM catalogue,7,test,2025-04-21 00:00:00+00:00,1,0.2180541753768921
LSTM catalogue,7,test,2025-04-28 00:00:00+00:00,0,0.16506069898605347
LSTM catalogue,7,test,2025-05-05 00:00:00+00:00,1,0.19094742834568024
LSTM catalogue,7,test,2025-05-12 00:00:00+00:00,0,0.23379439115524292
LSTM catalogue,7,test,2025-05-19 00:00:00+00:00,0,0.23709100484848022
LSTM catalogue,7,test,2025-05-26 00:00:00+00:00,0,0.21654942631721497
LSTM catalogue,7,test,2025-06-02 00:00:00+00:00,0,0.13837562501430511
LSTM catalogue,7,test,2025-06-09 00:00:00+00:00,0,0.2169457972049713
LSTM catalogue,7,test,2025-06-16 00:00:00+00:00,0,0.22007392346858978
LSTM catalogue,7,test,2025-06-23 00:00:00+00:00,0,0.15951848030090332
LSTM catalogue,7,test,2025-06-30 00:00:00+00:00,1,0.21706128120422363
LSTM catalogue,7,test,2025-07-07 00:00:00+00:00,0,0.3592444360256195
LSTM catalogue,7,test,2025-07-14 00:00:00+00:00,0,0.23428387939929962
LSTM catalogue,7,test,2025-07-21 00:00:00+00:00,0,0.2144888937473297
LSTM catalogue,7,test,2025-07-28 00:00:00+00:00,0,0.1478990912437439
LSTM catalogue,7,test,2025-08-04 00:00:00+00:00,0,0.23629754781723022
LSTM catalogue,7,test,2025-08-11 00:00:00+00:00,0,0.22558236122131348
LSTM catalogue,7,test,2025-08-18 00:00:00+00:00,0,0.21320967376232147
LSTM catalogue,7,test,2025-08-25 00:00:00+00:00,0,0.19820810854434967
LSTM catalogue,7,test,2025-09-01 00:00:00+00:00,0,0.2304062843322754
LSTM catalogue,7,test,2025-09-08 00:00:00+00:00,0,0.23123952746391296
LSTM catalogue,7,test,2025-09-15 00:00:00+00:00,0,0.2204628884792328
LSTM catalogue,7,test,2025-09-22 00:00:00+00:00,0,0.21067893505096436
LSTM catalogue,7,test,2025-09-29 00:00:00+00:00,1,0.23514311015605927
LSTM catalogue,7,test,2025-10-06 00:00:00+00:00,0,0.25438401103019714
LSTM catalogue,7,test,2025-10-13 00:00:00+00:00,1,0.14428210258483887
LSTM catalogue,7,test,2025-10-20 00:00:00+00:00,0,0.3297401964664459
LSTM catalogue,7,test,2025-10-27 00:00:00+00:00,0,0.20557473599910736
LSTM catalogue,7,test,2025-11-03 00:00:00+00:00,0,0.2702581286430359
LSTM catalogue,7,test,2025-11-10 00:00:00+00:00,1,0.2274242639541626
LSTM catalogue,7,test,2025-11-17 00:00:00+00:00,0,0.22000384330749512
LSTM catalogue,7,test,2025-11-24 00:00:00+00:00,0,0.221930593252182
LSTM catalogue,7,test,2025-12-01 00:00:00+00:00,0,0.206692636013031
LSTM catalogue,7,test,2025-12-08 00:00:00+00:00,1,0.204926997423172
LSTM catalogue,7,test,2025-12-15 00:00:00+00:00,0,0.22477324306964874
LSTM catalogue,7,test,2025-12-22 00:00:00+00:00,0,0.22077812254428864
Transformer compact,7,test,2021-01-04 00:00:00+00:00,0,0.2282436192035675
Transformer compact,7,test,2021-01-11 00:00:00+00:00,1,0.22552721202373505
Transformer compact,7,test,2021-01-18 00:00:00+00:00,1,0.23571859300136566
Transformer compact,7,test,2021-01-25 00:00:00+00:00,0,0.26949211955070496
Transformer compact,7,test,2021-02-01 00:00:00+00:00,0,0.25387611985206604
Transformer compact,7,test,2021-02-08 00:00:00+00:00,1,0.22800526022911072
Transformer compact,7,test,2021-02-15 00:00:00+00:00,0,0.2772064805030823
Transformer compact,7,test,2021-02-22 00:00:00+00:00,0,0.23726819455623627
Transformer compact,7,test,2021-03-01 00:00:00+00:00,0,0.2301240861415863
Transformer compact,7,test,2021-03-08 00:00:00+00:00,1,0.23908743262290955
Transformer compact,7,test,2021-03-15 00:00:00+00:00,0,0.23201803863048553
Transformer compact,7,test,2021-03-22 00:00:00+00:00,0,0.20803236961364746
Transformer compact,7,test,2021-03-29 00:00:00+00:00,0,0.18766841292381287
Transformer compact,7,test,2021-04-05 00:00:00+00:00,0,0.18979844450950623
Transformer compact,7,test,2021-04-12 00:00:00+00:00,0,0.20124374330043793
Transformer compact,7,test,2021-04-19 00:00:00+00:00,1,0.20776906609535217
Transformer compact,7,test,2021-04-26 00:00:00+00:00,1,0.2599188983440399
Transformer compact,7,test,2021-05-03 00:00:00+00:00,0,0.27873989939689636
Transformer compact,7,test,2021-05-10 00:00:00+00:00,0,0.29219985008239746
Transformer compact,7,test,2021-05-17 00:00:00+00:00,0,0.29239755868911743
Transformer compact,7,test,2021-05-24 00:00:00+00:00,0,0.2360428273677826
Transformer compact,7,test,2021-05-31 00:00:00+00:00,0,0.2553907036781311
Transformer compact,7,test,2021-06-07 00:00:00+00:00,1,0.22530768811702728
Transformer compact,7,test,2021-06-14 00:00:00+00:00,0,0.23949241638183594
Transformer compact,7,test,2021-06-21 00:00:00+00:00,0,0.25223785638809204
Transformer compact,7,test,2021-06-28 00:00:00+00:00,1,0.24287989735603333
Transformer compact,7,test,2021-07-05 00:00:00+00:00,1,0.38000500202178955
Transformer compact,7,test,2021-07-12 00:00:00+00:00,0,0.37424346804618835
Transformer compact,7,test,2021-07-19 00:00:00+00:00,0,0.32945021986961365
Transformer compact,7,test,2021-07-26 00:00:00+00:00,0,0.33890849351882935
Transformer compact,7,test,2021-08-02 00:00:00+00:00,0,0.3343864977359772
Transformer compact,7,test,2021-08-09 00:00:00+00:00,0,0.22459983825683594
Transformer compact,7,test,2021-08-16 00:00:00+00:00,0,0.21087484061717987
Transformer compact,7,test,2021-08-23 00:00:00+00:00,0,0.21578674018383026
Transformer compact,7,test,2021-08-30 00:00:00+00:00,0,0.20675846934318542
Transformer compact,7,test,2021-09-06 00:00:00+00:00,0,0.1994865983724594
Transformer compact,7,test,2021-09-13 00:00:00+00:00,0,0.18289712071418762
Transformer compact,7,test,2021-09-20 00:00:00+00:00,0,0.24378982186317444
Transformer compact,7,test,2021-09-27 00:00:00+00:00,0,0.2262406349182129
Transformer compact,7,test,2021-10-04 00:00:00+00:00,0,0.22859066724777222
Transformer compact,7,test,2021-10-11 00:00:00+00:00,0,0.2542800307273865
Transformer compact,7,test,2021-10-18 00:00:00+00:00,0,0.20348839461803436
Transformer compact,7,test,2021-10-25 00:00:00+00:00,0,0.20835267007350922
Transformer compact,7,test,2021-11-01 00:00:00+00:00,1,0.2054295539855957
Transformer compact,7,test,2021-11-08 00:00:00+00:00,0,0.23107272386550903
Transformer compact,7,test,2021-11-15 00:00:00+00:00,0,0.2427469938993454
Transformer compact,7,test,2021-11-22 00:00:00+00:00,0,0.26201891899108887
Transformer compact,7,test,2021-11-29 00:00:00+00:00,0,0.25048717856407166
Transformer compact,7,test,2021-12-06 00:00:00+00:00,1,0.20188750326633453
Transformer compact,7,test,2021-12-13 00:00:00+00:00,1,0.21677501499652863
Transformer compact,7,test,2021-12-20 00:00:00+00:00,0,0.19973427057266235
Transformer compact,7,test,2021-12-27 00:00:00+00:00,0,0.21126066148281097
Transformer compact,7,test,2022-01-03 00:00:00+00:00,0,0.23610606789588928
Transformer compact,7,test,2022-01-10 00:00:00+00:00,0,0.2407720685005188
Transformer compact,7,test,2022-01-17 00:00:00+00:00,0,0.2352714240550995
Transformer compact,7,test,2022-01-24 00:00:00+00:00,0,0.21360453963279724
Transformer compact,7,test,2022-01-31 00:00:00+00:00,0,0.20091482996940613
Transformer compact,7,test,2022-02-07 00:00:00+00:00,0,0.21610289812088013
Transformer compact,7,test,2022-02-14 00:00:00+00:00,0,0.20808039605617523
Transformer compact,7,test,2022-02-21 00:00:00+00:00,1,0.18355093896389008
Transformer compact,7,test,2022-02-28 00:00:00+00:00,0,0.21790166199207306
Transformer compact,7,test,2022-03-07 00:00:00+00:00,0,0.2193646878004074
Transformer compact,7,test,2022-03-14 00:00:00+00:00,0,0.20603197813034058
Transformer compact,7,test,2022-03-21 00:00:00+00:00,0,0.22381086647510529
Transformer compact,7,test,2022-03-28 00:00:00+00:00,1,0.21527093648910522
Transformer compact,7,test,2022-04-04 00:00:00+00:00,0,0.20510615408420563
Transformer compact,7,test,2022-04-11 00:00:00+00:00,1,0.19941042363643646
Transformer compact,7,test,2022-04-18 00:00:00+00:00,0,0.26293641328811646
Transformer compact,7,test,2022-04-25 00:00:00+00:00,0,0.23119400441646576
Transformer compact,7,test,2022-05-02 00:00:00+00:00,1,0.21796336770057678
Transformer compact,7,test,2022-05-09 00:00:00+00:00,0,0.2850242853164673
Transformer compact,7,test,2022-05-16 00:00:00+00:00,1,0.2308921068906784
Transformer compact,7,test,2022-05-23 00:00:00+00:00,0,0.25715336203575134
Transformer compact,7,test,2022-05-30 00:00:00+00:00,0,0.2722887098789215
Transformer compact,7,test,2022-06-06 00:00:00+00:00,0,0.22789378464221954
Transformer compact,7,test,2022-06-13 00:00:00+00:00,1,0.22867025434970856
Transformer compact,7,test,2022-06-20 00:00:00+00:00,1,0.22645016014575958
Transformer compact,7,test,2022-06-27 00:00:00+00:00,0,0.24901115894317627
Transformer compact,7,test,2022-07-04 00:00:00+00:00,0,0.22428154945373535
Transformer compact,7,test,2022-07-11 00:00:00+00:00,1,0.21436478197574615
Transformer compact,7,test,2022-07-18 00:00:00+00:00,0,0.23890343308448792
Transformer compact,7,test,2022-07-25 00:00:00+00:00,0,0.20829062163829803
Transformer compact,7,test,2022-08-01 00:00:00+00:00,0,0.1846366822719574
Transformer compact,7,test,2022-08-08 00:00:00+00:00,0,0.18751543760299683
Transformer compact,7,test,2022-08-15 00:00:00+00:00,0,0.21799226105213165
Transformer compact,7,test,2022-08-22 00:00:00+00:00,0,0.23614901304244995
Transformer compact,7,test,2022-08-29 00:00:00+00:00,0,0.22882544994354248
Transformer compact,7,test,2022-09-05 00:00:00+00:00,0,0.23926471173763275
Transformer compact,7,test,2022-09-12 00:00:00+00:00,0,0.25073060393333435
Transformer compact,7,test,2022-09-19 00:00:00+00:00,0,0.220697283744812
Transformer compact,7,test,2022-09-26 00:00:00+00:00,0,0.23893031477928162
Transformer compact,7,test,2022-10-03 00:00:00+00:00,0,0.25046780705451965
Transformer compact,7,test,2022-10-10 00:00:00+00:00,0,0.22060096263885498
Transformer compact,7,test,2022-10-17 00:00:00+00:00,1,0.2262784093618393
Transformer compact,7,test,2022-10-24 00:00:00+00:00,0,0.24883469939231873
Transformer compact,7,test,2022-10-31 00:00:00+00:00,0,0.23696373403072357
Transformer compact,7,test,2022-11-07 00:00:00+00:00,1,0.24116088449954987
Transformer compact,7,test,2022-11-14 00:00:00+00:00,0,0.22867795825004578
Transformer compact,7,test,2022-11-21 00:00:00+00:00,0,0.24656860530376434
Transformer compact,7,test,2022-11-28 00:00:00+00:00,0,0.24215500056743622
Transformer compact,7,test,2022-12-05 00:00:00+00:00,1,0.24611681699752808
Transformer compact,7,test,2022-12-12 00:00:00+00:00,0,0.30581358075141907
Transformer compact,7,test,2022-12-19 00:00:00+00:00,0,0.24843522906303406
Transformer compact,7,test,2022-12-26 00:00:00+00:00,0,0.2313065081834793
Transformer compact,7,test,2023-01-02 00:00:00+00:00,0,0.2764536142349243
Transformer compact,7,test,2023-01-09 00:00:00+00:00,1,0.2627992630004883
Transformer compact,7,test,2023-01-16 00:00:00+00:00,0,0.2877691388130188
Transformer compact,7,test,2023-01-23 00:00:00+00:00,0,0.268104612827301
Transformer compact,7,test,2023-01-30 00:00:00+00:00,1,0.23994068801403046
Transformer compact,7,test,2023-02-06 00:00:00+00:00,0,0.31866204738616943
Transformer compact,7,test,2023-02-13 00:00:00+00:00,0,0.24526505172252655
Transformer compact,7,test,2023-02-20 00:00:00+00:00,1,0.22194203734397888
Transformer compact,7,test,2023-02-27 00:00:00+00:00,0,0.29810085892677307
Transformer compact,7,test,2023-03-06 00:00:00+00:00,1,0.24190929532051086
Transformer compact,7,test,2023-03-13 00:00:00+00:00,0,0.21640871465206146
Transformer compact,7,test,2023-03-20 00:00:00+00:00,1,0.21387243270874023
Transformer compact,7,test,2023-03-27 00:00:00+00:00,0,0.1981920301914215
Transformer compact,7,test,2023-04-03 00:00:00+00:00,0,0.2090018391609192
Transformer compact,7,test,2023-04-10 00:00:00+00:00,0,0.19823439419269562
Transformer compact,7,test,2023-04-17 00:00:00+00:00,0,0.2117486447095871
Transformer compact,7,test,2023-04-24 00:00:00+00:00,0,0.19087405502796173
Transformer compact,7,test,2023-05-01 00:00:00+00:00,0,0.21375805139541626
Transformer compact,7,test,2023-05-08 00:00:00+00:00,0,0.1988523155450821
Transformer compact,7,test,2023-05-15 00:00:00+00:00,0,0.19436407089233398
Transformer compact,7,test,2023-05-22 00:00:00+00:00,0,0.20913375914096832
Transformer compact,7,test,2023-05-29 00:00:00+00:00,0,0.18320974707603455
Transformer compact,7,test,2023-06-05 00:00:00+00:00,0,0.1794939488172531
Transformer compact,7,test,2023-06-12 00:00:00+00:00,0,0.1836954653263092
Transformer compact,7,test,2023-06-19 00:00:00+00:00,0,0.17529171705245972
Transformer compact,7,test,2023-06-26 00:00:00+00:00,0,0.17529171705245972
Transformer compact,7,test,2023-07-03 00:00:00+00:00,1,0.18341588973999023
Transformer compact,7,test,2023-07-10 00:00:00+00:00,0,0.2214362621307373
Transformer compact,7,test,2023-07-17 00:00:00+00:00,0,0.21075469255447388
Transformer compact,7,test,2023-07-24 00:00:00+00:00,0,0.2148301601409912
Transformer compact,7,test,2023-07-31 00:00:00+00:00,0,0.21601000428199768
Transformer compact,7,test,2023-08-07 00:00:00+00:00,0,0.1955801099538803
Transformer compact,7,test,2023-08-14 00:00:00+00:00,0,0.18295122683048248
Transformer compact,7,test,2023-08-21 00:00:00+00:00,0,0.17529171705245972
Transformer compact,7,test,2023-08-28 00:00:00+00:00,1,0.18663464486598969
Transformer compact,7,test,2023-09-04 00:00:00+00:00,1,0.2201155424118042
Transformer compact,7,test,2023-09-11 00:00:00+00:00,1,0.2521955072879791
Transformer compact,7,test,2023-09-18 00:00:00+00:00,0,0.26725414395332336
Transformer compact,7,test,2023-09-25 00:00:00+00:00,0,0.2663256824016571
Transformer compact,7,test,2023-10-02 00:00:00+00:00,0,0.216551274061203
Transformer compact,7,test,2023-10-09 00:00:00+00:00,0,0.1876174509525299
Transformer compact,7,test,2023-10-16 00:00:00+00:00,0,0.18809852004051208
Transformer compact,7,test,2023-10-23 00:00:00+00:00,1,0.1980961114168167
Transformer compact,7,test,2023-10-30 00:00:00+00:00,1,0.20878632366657257
Transformer compact,7,test,2023-11-06 00:00:00+00:00,1,0.3100098669528961
Transformer compact,7,test,2023-11-13 00:00:00+00:00,0,0.3268486559391022
Transformer compact,7,test,2023-11-20 00:00:00+00:00,0,0.3248300552368164
Transformer compact,7,test,2023-11-27 00:00:00+00:00,0,0.36020904779434204
Transformer compact,7,test,2023-12-04 00:00:00+00:00,0,0.26854145526885986
Transformer compact,7,test,2023-12-11 00:00:00+00:00,0,0.2689379155635834
Transformer compact,7,test,2023-12-18 00:00:00+00:00,0,0.25451064109802246
Transformer compact,7,test,2023-12-25 00:00:00+00:00,0,0.21998628973960876
Transformer compact,7,test,2024-01-01 00:00:00+00:00,0,0.19118358194828033
Transformer compact,7,test,2024-01-08 00:00:00+00:00,0,0.1932869851589203
Transformer compact,7,test,2024-01-15 00:00:00+00:00,0,0.19185495376586914
Transformer compact,7,test,2024-01-22 00:00:00+00:00,1,0.21871258318424225
Transformer compact,7,test,2024-01-29 00:00:00+00:00,0,0.24526187777519226
Transformer compact,7,test,2024-02-05 00:00:00+00:00,1,0.2504114806652069
Transformer compact,7,test,2024-02-12 00:00:00+00:00,1,0.2731270492076874
Transformer compact,7,test,2024-02-19 00:00:00+00:00,0,0.31546124815940857
Transformer compact,7,test,2024-02-26 00:00:00+00:00,0,0.22195717692375183
Transformer compact,7,test,2024-03-04 00:00:00+00:00,0,0.24040746688842773
Transformer compact,7,test,2024-03-11 00:00:00+00:00,1,0.27768856287002563
Transformer compact,7,test,2024-03-18 00:00:00+00:00,0,0.22214660048484802
Transformer compact,7,test,2024-03-25 00:00:00+00:00,0,0.21105264127254486
Transformer compact,7,test,2024-04-01 00:00:00+00:00,0,0.23549827933311462
Transformer compact,7,test,2024-04-08 00:00:00+00:00,0,0.23404860496520996
Transformer compact,7,test,2024-04-15 00:00:00+00:00,0,0.2081550657749176
Transformer compact,7,test,2024-04-22 00:00:00+00:00,0,0.2117108851671219
Transformer compact,7,test,2024-04-29 00:00:00+00:00,0,0.21295858919620514
Transformer compact,7,test,2024-05-06 00:00:00+00:00,0,0.2015511691570282
Transformer compact,7,test,2024-05-13 00:00:00+00:00,0,0.19689904153347015
Transformer compact,7,test,2024-05-20 00:00:00+00:00,0,0.2104218751192093
Transformer compact,7,test,2024-05-27 00:00:00+00:00,0,0.1901022344827652
Transformer compact,7,test,2024-06-03 00:00:00+00:00,0,0.19119438529014587
Transformer compact,7,test,2024-06-10 00:00:00+00:00,0,0.21015135943889618
Transformer compact,7,test,2024-06-17 00:00:00+00:00,0,0.18331784009933472
Transformer compact,7,test,2024-06-24 00:00:00+00:00,0,0.18122464418411255
Transformer compact,7,test,2024-07-01 00:00:00+00:00,0,0.22533898055553436
Transformer compact,7,test,2024-07-08 00:00:00+00:00,0,0.23821531236171722
Transformer compact,7,test,2024-07-15 00:00:00+00:00,0,0.21951834857463837
Transformer compact,7,test,2024-07-22 00:00:00+00:00,0,0.23082603514194489
Transformer compact,7,test,2024-07-29 00:00:00+00:00,0,0.19761058688163757
Transformer compact,7,test,2024-08-05 00:00:00+00:00,0,0.17529171705245972
Transformer compact,7,test,2024-08-12 00:00:00+00:00,0,0.18803797662258148
Transformer compact,7,test,2024-08-19 00:00:00+00:00,0,0.19362901151180267
Transformer compact,7,test,2024-08-26 00:00:00+00:00,1,0.18950755894184113
Transformer compact,7,test,2024-09-02 00:00:00+00:00,1,0.2298545241355896
Transformer compact,7,test,2024-09-09 00:00:00+00:00,0,0.27668946981430054
Transformer compact,7,test,2024-09-16 00:00:00+00:00,1,0.2374139279127121
Transformer compact,7,test,2024-09-23 00:00:00+00:00,1,0.26106762886047363
Transformer compact,7,test,2024-09-30 00:00:00+00:00,0,0.25407475233078003
Transformer compact,7,test,2024-10-07 00:00:00+00:00,0,0.2024916559457779
Transformer compact,7,test,2024-10-14 00:00:00+00:00,0,0.21495462954044342
Transformer compact,7,test,2024-10-21 00:00:00+00:00,0,0.21514810621738434
Transformer compact,7,test,2024-10-28 00:00:00+00:00,0,0.19441451132297516
Transformer compact,7,test,2024-11-04 00:00:00+00:00,0,0.2177797108888626
Transformer compact,7,test,2024-11-11 00:00:00+00:00,0,0.23148280382156372
Transformer compact,7,test,2024-11-18 00:00:00+00:00,0,0.2125144898891449
Transformer compact,7,test,2024-11-25 00:00:00+00:00,1,0.19997599720954895
Transformer compact,7,test,2024-12-02 00:00:00+00:00,0,0.22396709024906158
Transformer compact,7,test,2024-12-09 00:00:00+00:00,0,0.19431261718273163
Transformer compact,7,test,2024-12-16 00:00:00+00:00,0,0.1856776922941208
Transformer compact,7,test,2024-12-23 00:00:00+00:00,0,0.18908245861530304
Transformer compact,7,test,2024-12-30 00:00:00+00:00,1,0.17529171705245972
Transformer compact,7,test,2025-01-06 00:00:00+00:00,0,0.21527144312858582
Transformer compact,7,test,2025-01-13 00:00:00+00:00,0,0.2153436243534088
Transformer compact,7,test,2025-01-20 00:00:00+00:00,0,0.24258126318454742
Transformer compact,7,test,2025-01-27 00:00:00+00:00,0,0.2384377270936966
Transformer compact,7,test,2025-02-03 00:00:00+00:00,0,0.2056930959224701
Transformer compact,7,test,2025-02-10 00:00:00+00:00,0,0.20355930924415588
Transformer compact,7,test,2025-02-17 00:00:00+00:00,0,0.2056322693824768
Transformer compact,7,test,2025-02-24 00:00:00+00:00,0,0.20628920197486877
Transformer compact,7,test,2025-03-03 00:00:00+00:00,0,0.20429420471191406
Transformer compact,7,test,2025-03-10 00:00:00+00:00,0,0.20505869388580322
Transformer compact,7,test,2025-03-17 00:00:00+00:00,1,0.21808286011219025
Transformer compact,7,test,2025-03-24 00:00:00+00:00,1,0.24215908348560333
Transformer compact,7,test,2025-03-31 00:00:00+00:00,0,0.23306207358837128
Transformer compact,7,test,2025-04-07 00:00:00+00:00,0,0.2308381348848343
Transformer compact,7,test,2025-04-14 00:00:00+00:00,0,0.2600250542163849
Transformer compact,7,test,2025-04-21 00:00:00+00:00,1,0.20566235482692719
Transformer compact,7,test,2025-04-28 00:00:00+00:00,0,0.21543408930301666
Transformer compact,7,test,2025-05-05 00:00:00+00:00,1,0.23732970654964447
Transformer compact,7,test,2025-05-12 00:00:00+00:00,0,0.2715841233730316
Transformer compact,7,test,2025-05-19 00:00:00+00:00,0,0.23850183188915253
Transformer compact,7,test,2025-05-26 00:00:00+00:00,0,0.24122565984725952
Transformer compact,7,test,2025-06-02 00:00:00+00:00,0,0.23839010298252106
Transformer compact,7,test,2025-06-09 00:00:00+00:00,0,0.19590120017528534
Transformer compact,7,test,2025-06-16 00:00:00+00:00,0,0.18966352939605713
Transformer compact,7,test,2025-06-23 00:00:00+00:00,0,0.20324434340000153
Transformer compact,7,test,2025-06-30 00:00:00+00:00,1,0.2217884212732315
Transformer compact,7,test,2025-07-07 00:00:00+00:00,0,0.24319995939731598
Transformer compact,7,test,2025-07-14 00:00:00+00:00,0,0.21562786400318146
Transformer compact,7,test,2025-07-21 00:00:00+00:00,0,0.24342705309391022
Transformer compact,7,test,2025-07-28 00:00:00+00:00,0,0.2646106481552124
Transformer compact,7,test,2025-08-04 00:00:00+00:00,0,0.20247313380241394
Transformer compact,7,test,2025-08-11 00:00:00+00:00,0,0.2020483762025833
Transformer compact,7,test,2025-08-18 00:00:00+00:00,0,0.19248047471046448
Transformer compact,7,test,2025-08-25 00:00:00+00:00,0,0.2214706391096115
Transformer compact,7,test,2025-09-01 00:00:00+00:00,0,0.18991290032863617
Transformer compact,7,test,2025-09-08 00:00:00+00:00,0,0.19854837656021118
Transformer compact,7,test,2025-09-15 00:00:00+00:00,0,0.20122408866882324
Transformer compact,7,test,2025-09-22 00:00:00+00:00,0,0.21879315376281738
Transformer compact,7,test,2025-09-29 00:00:00+00:00,1,0.20356926321983337
Transformer compact,7,test,2025-10-06 00:00:00+00:00,0,0.20392335951328278
Transformer compact,7,test,2025-10-13 00:00:00+00:00,1,0.21609458327293396
Transformer compact,7,test,2025-10-20 00:00:00+00:00,0,0.23961567878723145
Transformer compact,7,test,2025-10-27 00:00:00+00:00,0,0.2733641564846039
Transformer compact,7,test,2025-11-03 00:00:00+00:00,0,0.26823869347572327
Transformer compact,7,test,2025-11-10 00:00:00+00:00,1,0.29009246826171875
Transformer compact,7,test,2025-11-17 00:00:00+00:00,0,0.25194039940834045
Transformer compact,7,test,2025-11-24 00:00:00+00:00,0,0.22790910303592682
Transformer compact,7,test,2025-12-01 00:00:00+00:00,0,0.18798336386680603
Transformer compact,7,test,2025-12-08 00:00:00+00:00,1,0.19570671021938324
Transformer compact,7,test,2025-12-15 00:00:00+00:00,0,0.20445741713047028
Transformer compact,7,test,2025-12-22 00:00:00+00:00,0,0.18959291279315948
Transformer compact,17,test,2021-01-04 00:00:00+00:00,0,0.2178441733121872
Transformer compact,17,test,2021-01-11 00:00:00+00:00,1,0.19555909931659698
Transformer compact,17,test,2021-01-18 00:00:00+00:00,1,0.22875015437602997
Transformer compact,17,test,2021-01-25 00:00:00+00:00,0,0.24161379039287567
Transformer compact,17,test,2021-02-01 00:00:00+00:00,0,0.2503187656402588
Transformer compact,17,test,2021-02-08 00:00:00+00:00,1,0.26180922985076904
Transformer compact,17,test,2021-02-15 00:00:00+00:00,0,0.24245211482048035
Transformer compact,17,test,2021-02-22 00:00:00+00:00,0,0.24511094391345978
Transformer compact,17,test,2021-03-01 00:00:00+00:00,0,0.21098409593105316
Transformer compact,17,test,2021-03-08 00:00:00+00:00,1,0.21877163648605347
Transformer compact,17,test,2021-03-15 00:00:00+00:00,0,0.23313139379024506
Transformer compact,17,test,2021-03-22 00:00:00+00:00,0,0.24943846464157104
Transformer compact,17,test,2021-03-29 00:00:00+00:00,0,0.2796105146408081
Transformer compact,17,test,2021-04-05 00:00:00+00:00,0,0.27464187145233154
Transformer compact,17,test,2021-04-12 00:00:00+00:00,0,0.2728552520275116
Transformer compact,17,test,2021-04-19 00:00:00+00:00,1,0.25029265880584717
Transformer compact,17,test,2021-04-26 00:00:00+00:00,1,0.2648479640483856
Transformer compact,17,test,2021-05-03 00:00:00+00:00,0,0.27860888838768005
Transformer compact,17,test,2021-05-10 00:00:00+00:00,0,0.273068904876709
Transformer compact,17,test,2021-05-17 00:00:00+00:00,0,0.2684843838214874
Transformer compact,17,test,2021-05-24 00:00:00+00:00,0,0.24000178277492523
Transformer compact,17,test,2021-05-31 00:00:00+00:00,0,0.22500771284103394
Transformer compact,17,test,2021-06-07 00:00:00+00:00,1,0.2147034853696823
Transformer compact,17,test,2021-06-14 00:00:00+00:00,0,0.2157653272151947
Transformer compact,17,test,2021-06-21 00:00:00+00:00,0,0.20319269597530365
Transformer compact,17,test,2021-06-28 00:00:00+00:00,1,0.2168492078781128
Transformer compact,17,test,2021-07-05 00:00:00+00:00,1,0.3057049810886383
Transformer compact,17,test,2021-07-12 00:00:00+00:00,0,0.3023809790611267
Transformer compact,17,test,2021-07-19 00:00:00+00:00,0,0.3036403954029083
Transformer compact,17,test,2021-07-26 00:00:00+00:00,0,0.296708881855011
Transformer compact,17,test,2021-08-02 00:00:00+00:00,0,0.29849132895469666
Transformer compact,17,test,2021-08-09 00:00:00+00:00,0,0.23619334399700165
Transformer compact,17,test,2021-08-16 00:00:00+00:00,0,0.227895125746727
Transformer compact,17,test,2021-08-23 00:00:00+00:00,0,0.21927958726882935
Transformer compact,17,test,2021-08-30 00:00:00+00:00,0,0.22873322665691376
Transformer compact,17,test,2021-09-06 00:00:00+00:00,0,0.24694114923477173
Transformer compact,17,test,2021-09-13 00:00:00+00:00,0,0.27024099230766296
Transformer compact,17,test,2021-09-20 00:00:00+00:00,0,0.22147080302238464
Transformer compact,17,test,2021-09-27 00:00:00+00:00,0,0.2149786800146103
Transformer compact,17,test,2021-10-04 00:00:00+00:00,0,0.22123084962368011
Transformer compact,17,test,2021-10-11 00:00:00+00:00,0,0.21015021204948425
Transformer compact,17,test,2021-10-18 00:00:00+00:00,0,0.2354646474123001
Transformer compact,17,test,2021-10-25 00:00:00+00:00,0,0.2422395646572113
Transformer compact,17,test,2021-11-01 00:00:00+00:00,1,0.23169346153736115
Transformer compact,17,test,2021-11-08 00:00:00+00:00,0,0.243421733379364
Transformer compact,17,test,2021-11-15 00:00:00+00:00,0,0.22443489730358124
Transformer compact,17,test,2021-11-22 00:00:00+00:00,0,0.22413894534111023
Transformer compact,17,test,2021-11-29 00:00:00+00:00,0,0.2489532232284546
Transformer compact,17,test,2021-12-06 00:00:00+00:00,1,0.2536671757698059
Transformer compact,17,test,2021-12-13 00:00:00+00:00,1,0.2745431065559387
Transformer compact,17,test,2021-12-20 00:00:00+00:00,0,0.2838621437549591
Transformer compact,17,test,2021-12-27 00:00:00+00:00,0,0.24698184430599213
Transformer compact,17,test,2022-01-03 00:00:00+00:00,0,0.23203226923942566
Transformer compact,17,test,2022-01-10 00:00:00+00:00,0,0.2582891583442688
Transformer compact,17,test,2022-01-17 00:00:00+00:00,0,0.21587562561035156
Transformer compact,17,test,2022-01-24 00:00:00+00:00,0,0.223236083984375
Transformer compact,17,test,2022-01-31 00:00:00+00:00,0,0.2510221004486084
Transformer compact,17,test,2022-02-07 00:00:00+00:00,0,0.22464099526405334
Transformer compact,17,test,2022-02-14 00:00:00+00:00,0,0.23179665207862854
Transformer compact,17,test,2022-02-21 00:00:00+00:00,1,0.28838416934013367
Transformer compact,17,test,2022-02-28 00:00:00+00:00,0,0.2546918988227844
Transformer compact,17,test,2022-03-07 00:00:00+00:00,0,0.24104256927967072
Transformer compact,17,test,2022-03-14 00:00:00+00:00,0,0.23234923183918
Transformer compact,17,test,2022-03-21 00:00:00+00:00,0,0.22605425119400024
Transformer compact,17,test,2022-03-28 00:00:00+00:00,1,0.22650007903575897
Transformer compact,17,test,2022-04-04 00:00:00+00:00,0,0.23757556080818176
Transformer compact,17,test,2022-04-11 00:00:00+00:00,1,0.22829793393611908
Transformer compact,17,test,2022-04-18 00:00:00+00:00,0,0.22102737426757812
Transformer compact,17,test,2022-04-25 00:00:00+00:00,0,0.2292860895395279
Transformer compact,17,test,2022-05-02 00:00:00+00:00,1,0.23536618053913116
Transformer compact,17,test,2022-05-09 00:00:00+00:00,0,0.2529027760028839
Transformer compact,17,test,2022-05-16 00:00:00+00:00,1,0.2621876001358032
Transformer compact,17,test,2022-05-23 00:00:00+00:00,0,0.283871591091156
Transformer compact,17,test,2022-05-30 00:00:00+00:00,0,0.26985496282577515
Transformer compact,17,test,2022-06-06 00:00:00+00:00,0,0.22530019283294678
Transformer compact,17,test,2022-06-13 00:00:00+00:00,1,0.22458365559577942
Transformer compact,17,test,2022-06-20 00:00:00+00:00,1,0.2256103903055191
Transformer compact,17,test,2022-06-27 00:00:00+00:00,0,0.22167281806468964
Transformer compact,17,test,2022-07-04 00:00:00+00:00,0,0.22535163164138794
Transformer compact,17,test,2022-07-11 00:00:00+00:00,1,0.23530644178390503
Transformer compact,17,test,2022-07-18 00:00:00+00:00,0,0.23389416933059692
Transformer compact,17,test,2022-07-25 00:00:00+00:00,0,0.2399613857269287
Transformer compact,17,test,2022-08-01 00:00:00+00:00,0,0.2804856598377228
Transformer compact,17,test,2022-08-08 00:00:00+00:00,0,0.2802056670188904
Transformer compact,17,test,2022-08-15 00:00:00+00:00,0,0.24942046403884888
Transformer compact,17,test,2022-08-22 00:00:00+00:00,0,0.22852885723114014
Transformer compact,17,test,2022-08-29 00:00:00+00:00,0,0.23278219997882843
Transformer compact,17,test,2022-09-05 00:00:00+00:00,0,0.22660954296588898
Transformer compact,17,test,2022-09-12 00:00:00+00:00,0,0.2250615656375885
Transformer compact,17,test,2022-09-19 00:00:00+00:00,0,0.23062554001808167
Transformer compact,17,test,2022-09-26 00:00:00+00:00,0,0.23618151247501373
Transformer compact,17,test,2022-10-03 00:00:00+00:00,0,0.22383733093738556
Transformer compact,17,test,2022-10-10 00:00:00+00:00,0,0.20827293395996094
Transformer compact,17,test,2022-10-17 00:00:00+00:00,1,0.20907162129878998
Transformer compact,17,test,2022-10-24 00:00:00+00:00,0,0.21313059329986572
Transformer compact,17,test,2022-10-31 00:00:00+00:00,0,0.2337370067834854
Transformer compact,17,test,2022-11-07 00:00:00+00:00,1,0.22841013967990875
Transformer compact,17,test,2022-11-14 00:00:00+00:00,0,0.22627845406532288
Transformer compact,17,test,2022-11-21 00:00:00+00:00,0,0.22613738477230072
Transformer compact,17,test,2022-11-28 00:00:00+00:00,0,0.22387345135211945
Transformer compact,17,test,2022-12-05 00:00:00+00:00,1,0.22596144676208496
Transformer compact,17,test,2022-12-12 00:00:00+00:00,0,0.23087739944458008
Transformer compact,17,test,2022-12-19 00:00:00+00:00,0,0.2523575723171234
Transformer compact,17,test,2022-12-26 00:00:00+00:00,0,0.23939424753189087
Transformer compact,17,test,2023-01-02 00:00:00+00:00,0,0.21611542999744415
Transformer compact,17,test,2023-01-09 00:00:00+00:00,1,0.23303665220737457
Transformer compact,17,test,2023-01-16 00:00:00+00:00,0,0.2329147756099701
Transformer compact,17,test,2023-01-23 00:00:00+00:00,0,0.2256496101617813
Transformer compact,17,test,2023-01-30 00:00:00+00:00,1,0.23493285477161407
Transformer compact,17,test,2023-02-06 00:00:00+00:00,0,0.24229547381401062
Transformer compact,17,test,2023-02-13 00:00:00+00:00,0,0.2280629575252533
Transformer compact,17,test,2023-02-20 00:00:00+00:00,1,0.2376212328672409
Transformer compact,17,test,2023-02-27 00:00:00+00:00,0,0.2542373836040497
Transformer compact,17,test,2023-03-06 00:00:00+00:00,1,0.26703906059265137
Transformer compact,17,test,2023-03-13 00:00:00+00:00,0,0.26902103424072266
Transformer compact,17,test,2023-03-20 00:00:00+00:00,1,0.28646716475486755
Transformer compact,17,test,2023-03-27 00:00:00+00:00,0,0.2807188630104065
Transformer compact,17,test,2023-04-03 00:00:00+00:00,0,0.2669450640678406
Transformer compact,17,test,2023-04-10 00:00:00+00:00,0,0.26214879751205444
Transformer compact,17,test,2023-04-17 00:00:00+00:00,0,0.26085343956947327
Transformer compact,17,test,2023-04-24 00:00:00+00:00,0,0.2533433437347412
Transformer compact,17,test,2023-05-01 00:00:00+00:00,0,0.23342616856098175
Transformer compact,17,test,2023-05-08 00:00:00+00:00,0,0.2590571939945221
Transformer compact,17,test,2023-05-15 00:00:00+00:00,0,0.2821964621543884
Transformer compact,17,test,2023-05-22 00:00:00+00:00,0,0.25832560658454895
Transformer compact,17,test,2023-05-29 00:00:00+00:00,0,0.2748907804489136
Transformer compact,17,test,2023-06-05 00:00:00+00:00,0,0.27043017745018005
Transformer compact,17,test,2023-06-12 00:00:00+00:00,0,0.25798025727272034
Transformer compact,17,test,2023-06-19 00:00:00+00:00,0,0.34902244806289673
Transformer compact,17,test,2023-06-26 00:00:00+00:00,0,0.34902244806289673
Transformer compact,17,test,2023-07-03 00:00:00+00:00,1,0.2793301045894623
Transformer compact,17,test,2023-07-10 00:00:00+00:00,0,0.2743517756462097
Transformer compact,17,test,2023-07-17 00:00:00+00:00,0,0.2714758515357971
Transformer compact,17,test,2023-07-24 00:00:00+00:00,0,0.24676287174224854
Transformer compact,17,test,2023-07-31 00:00:00+00:00,0,0.23887445032596588
Transformer compact,17,test,2023-08-07 00:00:00+00:00,0,0.2616429924964905
Transformer compact,17,test,2023-08-14 00:00:00+00:00,0,0.25848546624183655
Transformer compact,17,test,2023-08-21 00:00:00+00:00,0,0.34902244806289673
Transformer compact,17,test,2023-08-28 00:00:00+00:00,1,0.2753475606441498
Transformer compact,17,test,2023-09-04 00:00:00+00:00,1,0.2546055316925049
Transformer compact,17,test,2023-09-11 00:00:00+00:00,1,0.27745240926742554
Transformer compact,17,test,2023-09-18 00:00:00+00:00,0,0.28615009784698486
Transformer compact,17,test,2023-09-25 00:00:00+00:00,0,0.2720189690589905
Transformer compact,17,test,2023-10-02 00:00:00+00:00,0,0.2933269739151001
Transformer compact,17,test,2023-10-09 00:00:00+00:00,0,0.26555752754211426
Transformer compact,17,test,2023-10-16 00:00:00+00:00,0,0.26362308859825134
Transformer compact,17,test,2023-10-23 00:00:00+00:00,1,0.2807576358318329
Transformer compact,17,test,2023-10-30 00:00:00+00:00,1,0.24952588975429535
Transformer compact,17,test,2023-11-06 00:00:00+00:00,1,0.29676416516304016
Transformer compact,17,test,2023-11-13 00:00:00+00:00,0,0.2812117338180542
Transformer compact,17,test,2023-11-20 00:00:00+00:00,0,0.2820877432823181
Transformer compact,17,test,2023-11-27 00:00:00+00:00,0,0.25696635246276855
Transformer compact,17,test,2023-12-04 00:00:00+00:00,0,0.2210547775030136
Transformer compact,17,test,2023-12-11 00:00:00+00:00,0,0.23622818291187286
Transformer compact,17,test,2023-12-18 00:00:00+00:00,0,0.24225644767284393
Transformer compact,17,test,2023-12-25 00:00:00+00:00,0,0.2252231389284134
Transformer compact,17,test,2024-01-01 00:00:00+00:00,0,0.25080054998397827
Transformer compact,17,test,2024-01-08 00:00:00+00:00,0,0.24595001339912415
Transformer compact,17,test,2024-01-15 00:00:00+00:00,0,0.23913992941379547
Transformer compact,17,test,2024-01-22 00:00:00+00:00,1,0.2383902668952942
Transformer compact,17,test,2024-01-29 00:00:00+00:00,0,0.2278892993927002
Transformer compact,17,test,2024-02-05 00:00:00+00:00,1,0.23015491664409637
Transformer compact,17,test,2024-02-12 00:00:00+00:00,1,0.24795334041118622
Transformer compact,17,test,2024-02-19 00:00:00+00:00,0,0.24570545554161072
Transformer compact,17,test,2024-02-26 00:00:00+00:00,0,0.2605760991573334
Transformer compact,17,test,2024-03-04 00:00:00+00:00,0,0.2574752867221832
Transformer compact,17,test,2024-03-11 00:00:00+00:00,1,0.24894225597381592
Transformer compact,17,test,2024-03-18 00:00:00+00:00,0,0.21215303242206573
Transformer compact,17,test,2024-03-25 00:00:00+00:00,0,0.2308068722486496
Transformer compact,17,test,2024-04-01 00:00:00+00:00,0,0.20836926996707916
Transformer compact,17,test,2024-04-08 00:00:00+00:00,0,0.21759837865829468
Transformer compact,17,test,2024-04-15 00:00:00+00:00,0,0.2189975380897522
Transformer compact,17,test,2024-04-22 00:00:00+00:00,0,0.21190418303012848
Transformer compact,17,test,2024-04-29 00:00:00+00:00,0,0.22108033299446106
Transformer compact,17,test,2024-05-06 00:00:00+00:00,0,0.2242911010980606
Transformer compact,17,test,2024-05-13 00:00:00+00:00,0,0.2437121719121933
Transformer compact,17,test,2024-05-20 00:00:00+00:00,0,0.2430013120174408
Transformer compact,17,test,2024-05-27 00:00:00+00:00,0,0.2581402659416199
Transformer compact,17,test,2024-06-03 00:00:00+00:00,0,0.25762438774108887
Transformer compact,17,test,2024-06-10 00:00:00+00:00,0,0.23966851830482483
Transformer compact,17,test,2024-06-17 00:00:00+00:00,0,0.2835199236869812
Transformer compact,17,test,2024-06-24 00:00:00+00:00,0,0.28196513652801514
Transformer compact,17,test,2024-07-01 00:00:00+00:00,0,0.20535527169704437
Transformer compact,17,test,2024-07-08 00:00:00+00:00,0,0.19934558868408203
Transformer compact,17,test,2024-07-15 00:00:00+00:00,0,0.2216140776872635
Transformer compact,17,test,2024-07-22 00:00:00+00:00,0,0.20841513574123383
Transformer compact,17,test,2024-07-29 00:00:00+00:00,0,0.23764561116695404
Transformer compact,17,test,2024-08-05 00:00:00+00:00,0,0.34902244806289673
Transformer compact,17,test,2024-08-12 00:00:00+00:00,0,0.30177363753318787
Transformer compact,17,test,2024-08-19 00:00:00+00:00,0,0.2563515901565552
Transformer compact,17,test,2024-08-26 00:00:00+00:00,1,0.2545914649963379
Transformer compact,17,test,2024-09-02 00:00:00+00:00,1,0.21905383467674255
Transformer compact,17,test,2024-09-09 00:00:00+00:00,0,0.22953400015830994
Transformer compact,17,test,2024-09-16 00:00:00+00:00,1,0.24033400416374207
Transformer compact,17,test,2024-09-23 00:00:00+00:00,1,0.2266145795583725
Transformer compact,17,test,2024-09-30 00:00:00+00:00,0,0.24450187385082245
Transformer compact,17,test,2024-10-07 00:00:00+00:00,0,0.2645832300186157
Transformer compact,17,test,2024-10-14 00:00:00+00:00,0,0.2548576295375824
Transformer compact,17,test,2024-10-21 00:00:00+00:00,0,0.25073209404945374
Transformer compact,17,test,2024-10-28 00:00:00+00:00,0,0.25638923048973083
Transformer compact,17,test,2024-11-04 00:00:00+00:00,0,0.23103663325309753
Transformer compact,17,test,2024-11-11 00:00:00+00:00,0,0.21735930442810059
Transformer compact,17,test,2024-11-18 00:00:00+00:00,0,0.23453247547149658
Transformer compact,17,test,2024-11-25 00:00:00+00:00,1,0.23900514841079712
Transformer compact,17,test,2024-12-02 00:00:00+00:00,0,0.23373377323150635
Transformer compact,17,test,2024-12-09 00:00:00+00:00,0,0.25828877091407776
Transformer compact,17,test,2024-12-16 00:00:00+00:00,0,0.28685104846954346
Transformer compact,17,test,2024-12-23 00:00:00+00:00,0,0.2830909490585327
Transformer compact,17,test,2024-12-30 00:00:00+00:00,1,0.34902244806289673
Transformer compact,17,test,2025-01-06 00:00:00+00:00,0,0.2910943031311035
Transformer compact,17,test,2025-01-13 00:00:00+00:00,0,0.28859812021255493
Transformer compact,17,test,2025-01-20 00:00:00+00:00,0,0.278313547372818
Transformer compact,17,test,2025-01-27 00:00:00+00:00,0,0.28007182478904724
Transformer compact,17,test,2025-02-03 00:00:00+00:00,0,0.24333465099334717
Transformer compact,17,test,2025-02-10 00:00:00+00:00,0,0.2345273196697235
Transformer compact,17,test,2025-02-17 00:00:00+00:00,0,0.24986626207828522
Transformer compact,17,test,2025-02-24 00:00:00+00:00,0,0.23732170462608337
Transformer compact,17,test,2025-03-03 00:00:00+00:00,0,0.22759881615638733
Transformer compact,17,test,2025-03-10 00:00:00+00:00,0,0.23323200643062592
Transformer compact,17,test,2025-03-17 00:00:00+00:00,1,0.23494434356689453
Transformer compact,17,test,2025-03-24 00:00:00+00:00,1,0.24866151809692383
Transformer compact,17,test,2025-03-31 00:00:00+00:00,0,0.25753143429756165
Transformer compact,17,test,2025-04-07 00:00:00+00:00,0,0.2643660604953766
Transformer compact,17,test,2025-04-14 00:00:00+00:00,0,0.2637600600719452
Transformer compact,17,test,2025-04-21 00:00:00+00:00,1,0.2529071867465973
Transformer compact,17,test,2025-04-28 00:00:00+00:00,0,0.25018781423568726
Transformer compact,17,test,2025-05-05 00:00:00+00:00,1,0.22089003026485443
Transformer compact,17,test,2025-05-12 00:00:00+00:00,0,0.22046063840389252
Transformer compact,17,test,2025-05-19 00:00:00+00:00,0,0.23400597274303436
Transformer compact,17,test,2025-05-26 00:00:00+00:00,0,0.23825815320014954
Transformer compact,17,test,2025-06-02 00:00:00+00:00,0,0.24830307066440582
Transformer compact,17,test,2025-06-09 00:00:00+00:00,0,0.24004293978214264
Transformer compact,17,test,2025-06-16 00:00:00+00:00,0,0.2555064558982849
Transformer compact,17,test,2025-06-23 00:00:00+00:00,0,0.2408987581729889
Transformer compact,17,test,2025-06-30 00:00:00+00:00,1,0.22854763269424438
Transformer compact,17,test,2025-07-07 00:00:00+00:00,0,0.21682602167129517
Transformer compact,17,test,2025-07-14 00:00:00+00:00,0,0.2389099895954132
Transformer compact,17,test,2025-07-21 00:00:00+00:00,0,0.2274298220872879
Transformer compact,17,test,2025-07-28 00:00:00+00:00,0,0.22897878289222717
Transformer compact,17,test,2025-08-04 00:00:00+00:00,0,0.23155607283115387
Transformer compact,17,test,2025-08-11 00:00:00+00:00,0,0.23846395313739777
Transformer compact,17,test,2025-08-18 00:00:00+00:00,0,0.25465917587280273
Transformer compact,17,test,2025-08-25 00:00:00+00:00,0,0.21476761996746063
Transformer compact,17,test,2025-09-01 00:00:00+00:00,0,0.2526167035102844
Transformer compact,17,test,2025-09-08 00:00:00+00:00,0,0.23641206324100494
Transformer compact,17,test,2025-09-15 00:00:00+00:00,0,0.22756509482860565
Transformer compact,17,test,2025-09-22 00:00:00+00:00,0,0.22195185720920563
Transformer compact,17,test,2025-09-29 00:00:00+00:00,1,0.226812481880188
Transformer compact,17,test,2025-10-06 00:00:00+00:00,0,0.25012916326522827
Transformer compact,17,test,2025-10-13 00:00:00+00:00,1,0.2304716557264328
Transformer compact,17,test,2025-10-20 00:00:00+00:00,0,0.2379215806722641
Transformer compact,17,test,2025-10-27 00:00:00+00:00,0,0.23792852461338043
Transformer compact,17,test,2025-11-03 00:00:00+00:00,0,0.22007395327091217
Transformer compact,17,test,2025-11-10 00:00:00+00:00,1,0.23706890642642975
Transformer compact,17,test,2025-11-17 00:00:00+00:00,0,0.25349166989326477
Transformer compact,17,test,2025-11-24 00:00:00+00:00,0,0.2474372535943985
Transformer compact,17,test,2025-12-01 00:00:00+00:00,0,0.2769498825073242
Transformer compact,17,test,2025-12-08 00:00:00+00:00,1,0.25841036438941956
Transformer compact,17,test,2025-12-15 00:00:00+00:00,0,0.2616994380950928
Transformer compact,17,test,2025-12-22 00:00:00+00:00,0,0.2584821283817291
LSTM catalogue,17,test,2021-01-04 00:00:00+00:00,0,0.16305898129940033
LSTM catalogue,17,test,2021-01-11 00:00:00+00:00,1,0.2577117085456848
LSTM catalogue,17,test,2021-01-18 00:00:00+00:00,1,0.1901768147945404
LSTM catalogue,17,test,2021-01-25 00:00:00+00:00,0,0.3738104999065399
LSTM catalogue,17,test,2021-02-01 00:00:00+00:00,0,0.23418237268924713
LSTM catalogue,17,test,2021-02-08 00:00:00+00:00,1,0.21015441417694092
LSTM catalogue,17,test,2021-02-15 00:00:00+00:00,0,0.2254946529865265
LSTM catalogue,17,test,2021-02-22 00:00:00+00:00,0,0.25891363620758057
LSTM catalogue,17,test,2021-03-01 00:00:00+00:00,0,0.2967500388622284
LSTM catalogue,17,test,2021-03-08 00:00:00+00:00,1,0.23975662887096405
LSTM catalogue,17,test,2021-03-15 00:00:00+00:00,0,0.224859356880188
LSTM catalogue,17,test,2021-03-22 00:00:00+00:00,0,0.21122236549854279
LSTM catalogue,17,test,2021-03-29 00:00:00+00:00,0,0.20862780511379242
LSTM catalogue,17,test,2021-04-05 00:00:00+00:00,0,0.21058806777000427
LSTM catalogue,17,test,2021-04-12 00:00:00+00:00,0,0.195877343416214
LSTM catalogue,17,test,2021-04-19 00:00:00+00:00,1,0.23250415921211243
LSTM catalogue,17,test,2021-04-26 00:00:00+00:00,1,0.28863534331321716
LSTM catalogue,17,test,2021-05-03 00:00:00+00:00,0,0.32805272936820984
LSTM catalogue,17,test,2021-05-10 00:00:00+00:00,0,0.22687141597270966
LSTM catalogue,17,test,2021-05-17 00:00:00+00:00,0,0.2253243774175644
LSTM catalogue,17,test,2021-05-24 00:00:00+00:00,0,0.1604074090719223
LSTM catalogue,17,test,2021-05-31 00:00:00+00:00,0,0.26907429099082947
LSTM catalogue,17,test,2021-06-07 00:00:00+00:00,1,0.17810679972171783
LSTM catalogue,17,test,2021-06-14 00:00:00+00:00,0,0.2857745289802551
LSTM catalogue,17,test,2021-06-21 00:00:00+00:00,0,0.2721356153488159
LSTM catalogue,17,test,2021-06-28 00:00:00+00:00,1,0.2793360948562622
LSTM catalogue,17,test,2021-07-05 00:00:00+00:00,1,0.3986399471759796
LSTM catalogue,17,test,2021-07-12 00:00:00+00:00,0,0.3205592930316925
LSTM catalogue,17,test,2021-07-19 00:00:00+00:00,0,0.2555080056190491
LSTM catalogue,17,test,2021-07-26 00:00:00+00:00,0,0.21915403008460999
LSTM catalogue,17,test,2021-08-02 00:00:00+00:00,0,0.222799152135849
LSTM catalogue,17,test,2021-08-09 00:00:00+00:00,0,0.24114610254764557
LSTM catalogue,17,test,2021-08-16 00:00:00+00:00,0,0.22893548011779785
LSTM catalogue,17,test,2021-08-23 00:00:00+00:00,0,0.22413161396980286
LSTM catalogue,17,test,2021-08-30 00:00:00+00:00,0,0.2162507027387619
LSTM catalogue,17,test,2021-09-06 00:00:00+00:00,0,0.2161705046892166
LSTM catalogue,17,test,2021-09-13 00:00:00+00:00,0,0.2125963270664215
LSTM catalogue,17,test,2021-09-20 00:00:00+00:00,0,0.24042478203773499
LSTM catalogue,17,test,2021-09-27 00:00:00+00:00,0,0.2719692587852478
LSTM catalogue,17,test,2021-10-04 00:00:00+00:00,0,0.24707475304603577
LSTM catalogue,17,test,2021-10-11 00:00:00+00:00,0,0.24524229764938354
LSTM catalogue,17,test,2021-10-18 00:00:00+00:00,0,0.2194833904504776
LSTM catalogue,17,test,2021-10-25 00:00:00+00:00,0,0.1995677500963211
LSTM catalogue,17,test,2021-11-01 00:00:00+00:00,1,0.23767460882663727
LSTM catalogue,17,test,2021-11-08 00:00:00+00:00,0,0.2794652283191681
LSTM catalogue,17,test,2021-11-15 00:00:00+00:00,0,0.2812945246696472
LSTM catalogue,17,test,2021-11-22 00:00:00+00:00,0,0.24305017292499542
LSTM catalogue,17,test,2021-11-29 00:00:00+00:00,0,0.22641418874263763
LSTM catalogue,17,test,2021-12-06 00:00:00+00:00,1,0.21518367528915405
LSTM catalogue,17,test,2021-12-13 00:00:00+00:00,1,0.2504066824913025
LSTM catalogue,17,test,2021-12-20 00:00:00+00:00,0,0.22152426838874817
LSTM catalogue,17,test,2021-12-27 00:00:00+00:00,0,0.22998833656311035
LSTM catalogue,17,test,2022-01-03 00:00:00+00:00,0,0.23741841316223145
LSTM catalogue,17,test,2022-01-10 00:00:00+00:00,0,0.22197115421295166
LSTM catalogue,17,test,2022-01-17 00:00:00+00:00,0,0.17411352694034576
LSTM catalogue,17,test,2022-01-24 00:00:00+00:00,0,0.24739235639572144
LSTM catalogue,17,test,2022-01-31 00:00:00+00:00,0,0.22051477432250977
LSTM catalogue,17,test,2022-02-07 00:00:00+00:00,0,0.22842475771903992
LSTM catalogue,17,test,2022-02-14 00:00:00+00:00,0,0.21886737644672394
LSTM catalogue,17,test,2022-02-21 00:00:00+00:00,1,0.21231214702129364
LSTM catalogue,17,test,2022-02-28 00:00:00+00:00,0,0.22837674617767334
LSTM catalogue,17,test,2022-03-07 00:00:00+00:00,0,0.23589731752872467
LSTM catalogue,17,test,2022-03-14 00:00:00+00:00,0,0.2377151995897293
LSTM catalogue,17,test,2022-03-21 00:00:00+00:00,0,0.20863214135169983
LSTM catalogue,17,test,2022-03-28 00:00:00+00:00,1,0.2222115844488144
LSTM catalogue,17,test,2022-04-04 00:00:00+00:00,0,0.22130940854549408
LSTM catalogue,17,test,2022-04-11 00:00:00+00:00,1,0.22363795340061188
LSTM catalogue,17,test,2022-04-18 00:00:00+00:00,0,0.2987402677536011
LSTM catalogue,17,test,2022-04-25 00:00:00+00:00,0,0.2505754232406616
LSTM catalogue,17,test,2022-05-02 00:00:00+00:00,1,0.2218424379825592
LSTM catalogue,17,test,2022-05-09 00:00:00+00:00,0,0.26559898257255554
LSTM catalogue,17,test,2022-05-16 00:00:00+00:00,1,0.23318691551685333
LSTM catalogue,17,test,2022-05-23 00:00:00+00:00,0,0.2437402307987213
LSTM catalogue,17,test,2022-05-30 00:00:00+00:00,0,0.22067780792713165
LSTM catalogue,17,test,2022-06-06 00:00:00+00:00,0,0.2269899845123291
LSTM catalogue,17,test,2022-06-13 00:00:00+00:00,1,0.25681355595588684
LSTM catalogue,17,test,2022-06-20 00:00:00+00:00,1,0.24125899374485016
LSTM catalogue,17,test,2022-06-27 00:00:00+00:00,0,0.2576926052570343
LSTM catalogue,17,test,2022-07-04 00:00:00+00:00,0,0.24021825194358826
LSTM catalogue,17,test,2022-07-11 00:00:00+00:00,1,0.21668361127376556
LSTM catalogue,17,test,2022-07-18 00:00:00+00:00,0,0.2233867049217224
LSTM catalogue,17,test,2022-07-25 00:00:00+00:00,0,0.21253494918346405
LSTM catalogue,17,test,2022-08-01 00:00:00+00:00,0,0.2089891880750656
LSTM catalogue,17,test,2022-08-08 00:00:00+00:00,0,0.2107154279947281
LSTM catalogue,17,test,2022-08-15 00:00:00+00:00,0,0.22029417753219604
LSTM catalogue,17,test,2022-08-22 00:00:00+00:00,0,0.2655054032802582
LSTM catalogue,17,test,2022-08-29 00:00:00+00:00,0,0.2547314763069153
LSTM catalogue,17,test,2022-09-05 00:00:00+00:00,0,0.22861145436763763
LSTM catalogue,17,test,2022-09-12 00:00:00+00:00,0,0.16924746334552765
LSTM catalogue,17,test,2022-09-19 00:00:00+00:00,0,0.2479848861694336
LSTM catalogue,17,test,2022-09-26 00:00:00+00:00,0,0.22989176213741302
LSTM catalogue,17,test,2022-10-03 00:00:00+00:00,0,0.2694684565067291
LSTM catalogue,17,test,2022-10-10 00:00:00+00:00,0,0.2383659929037094
LSTM catalogue,17,test,2022-10-17 00:00:00+00:00,1,0.26338496804237366
LSTM catalogue,17,test,2022-10-24 00:00:00+00:00,0,0.26191091537475586
LSTM catalogue,17,test,2022-10-31 00:00:00+00:00,0,0.2189655601978302
LSTM catalogue,17,test,2022-11-07 00:00:00+00:00,1,0.2342664897441864
LSTM catalogue,17,test,2022-11-14 00:00:00+00:00,0,0.16681542992591858
LSTM catalogue,17,test,2022-11-21 00:00:00+00:00,0,0.2800668179988861
LSTM catalogue,17,test,2022-11-28 00:00:00+00:00,0,0.26089945435523987
LSTM catalogue,17,test,2022-12-05 00:00:00+00:00,1,0.2357551008462906
LSTM catalogue,17,test,2022-12-12 00:00:00+00:00,0,0.32607775926589966
LSTM catalogue,17,test,2022-12-19 00:00:00+00:00,0,0.2383977174758911
LSTM catalogue,17,test,2022-12-26 00:00:00+00:00,0,0.22888343036174774
LSTM catalogue,17,test,2023-01-02 00:00:00+00:00,0,0.26939690113067627
LSTM catalogue,17,test,2023-01-09 00:00:00+00:00,1,0.31650108098983765
LSTM catalogue,17,test,2023-01-16 00:00:00+00:00,0,0.3409942090511322
LSTM catalogue,17,test,2023-01-23 00:00:00+00:00,0,0.2910524010658264
LSTM catalogue,17,test,2023-01-30 00:00:00+00:00,1,0.2347312718629837
LSTM catalogue,17,test,2023-02-06 00:00:00+00:00,0,0.36269330978393555
LSTM catalogue,17,test,2023-02-13 00:00:00+00:00,0,0.30164602398872375
LSTM catalogue,17,test,2023-02-20 00:00:00+00:00,1,0.24824632704257965
LSTM catalogue,17,test,2023-02-27 00:00:00+00:00,0,0.2566922903060913
LSTM catalogue,17,test,2023-03-06 00:00:00+00:00,1,0.2145761102437973
LSTM catalogue,17,test,2023-03-13 00:00:00+00:00,0,0.2141961306333542
LSTM catalogue,17,test,2023-03-20 00:00:00+00:00,1,0.20792827010154724
LSTM catalogue,17,test,2023-03-27 00:00:00+00:00,0,0.2179049551486969
LSTM catalogue,17,test,2023-04-03 00:00:00+00:00,0,0.15210400521755219
LSTM catalogue,17,test,2023-04-10 00:00:00+00:00,0,0.2144247144460678
LSTM catalogue,17,test,2023-04-17 00:00:00+00:00,0,0.223422572016716
LSTM catalogue,17,test,2023-04-24 00:00:00+00:00,0,0.2165633738040924
LSTM catalogue,17,test,2023-05-01 00:00:00+00:00,0,0.2304127961397171
LSTM catalogue,17,test,2023-05-08 00:00:00+00:00,0,0.21702386438846588
LSTM catalogue,17,test,2023-05-15 00:00:00+00:00,0,0.21227224171161652
LSTM catalogue,17,test,2023-05-22 00:00:00+00:00,0,0.20875462889671326
LSTM catalogue,17,test,2023-05-29 00:00:00+00:00,0,0.21640458703041077
LSTM catalogue,17,test,2023-06-05 00:00:00+00:00,0,0.21208876371383667
LSTM catalogue,17,test,2023-06-12 00:00:00+00:00,0,0.21190966665744781
LSTM catalogue,17,test,2023-06-19 00:00:00+00:00,0,0.21058416366577148
LSTM catalogue,17,test,2023-06-26 00:00:00+00:00,0,0.21058416366577148
LSTM catalogue,17,test,2023-07-03 00:00:00+00:00,1,0.2181958109140396
LSTM catalogue,17,test,2023-07-10 00:00:00+00:00,0,0.30844488739967346
LSTM catalogue,17,test,2023-07-17 00:00:00+00:00,0,0.22683407366275787
LSTM catalogue,17,test,2023-07-24 00:00:00+00:00,0,0.20715796947479248
LSTM catalogue,17,test,2023-07-31 00:00:00+00:00,0,0.21794217824935913
LSTM catalogue,17,test,2023-08-07 00:00:00+00:00,0,0.21235211193561554
LSTM catalogue,17,test,2023-08-14 00:00:00+00:00,0,0.21229206025600433
LSTM catalogue,17,test,2023-08-21 00:00:00+00:00,0,0.21058416366577148
LSTM catalogue,17,test,2023-08-28 00:00:00+00:00,1,0.21356713771820068
LSTM catalogue,17,test,2023-09-04 00:00:00+00:00,1,0.2441762238740921
LSTM catalogue,17,test,2023-09-11 00:00:00+00:00,1,0.25464028120040894
LSTM catalogue,17,test,2023-09-18 00:00:00+00:00,0,0.21522468328475952
LSTM catalogue,17,test,2023-09-25 00:00:00+00:00,0,0.2114451676607132
LSTM catalogue,17,test,2023-10-02 00:00:00+00:00,0,0.20645810663700104
LSTM catalogue,17,test,2023-10-09 00:00:00+00:00,0,0.2093094438314438
LSTM catalogue,17,test,2023-10-16 00:00:00+00:00,0,0.2109682857990265
LSTM catalogue,17,test,2023-10-23 00:00:00+00:00,1,0.21397171914577484
LSTM catalogue,17,test,2023-10-30 00:00:00+00:00,1,0.24297533929347992
LSTM catalogue,17,test,2023-11-06 00:00:00+00:00,1,0.23734056949615479
LSTM catalogue,17,test,2023-11-13 00:00:00+00:00,0,0.2358069270849228
LSTM catalogue,17,test,2023-11-20 00:00:00+00:00,0,0.23090176284313202
LSTM catalogue,17,test,2023-11-27 00:00:00+00:00,0,0.2340749204158783
LSTM catalogue,17,test,2023-12-04 00:00:00+00:00,0,0.3053813576698303
LSTM catalogue,17,test,2023-12-11 00:00:00+00:00,0,0.1755940467119217
LSTM catalogue,17,test,2023-12-18 00:00:00+00:00,0,0.23637989163398743
LSTM catalogue,17,test,2023-12-25 00:00:00+00:00,0,0.20482873916625977
LSTM catalogue,17,test,2024-01-01 00:00:00+00:00,0,0.2198626548051834
LSTM catalogue,17,test,2024-01-08 00:00:00+00:00,0,0.21466219425201416
LSTM catalogue,17,test,2024-01-15 00:00:00+00:00,0,0.21460320055484772
LSTM catalogue,17,test,2024-01-22 00:00:00+00:00,1,0.17771929502487183
LSTM catalogue,17,test,2024-01-29 00:00:00+00:00,0,0.3279518783092499
LSTM catalogue,17,test,2024-02-05 00:00:00+00:00,1,0.25622308254241943
LSTM catalogue,17,test,2024-02-12 00:00:00+00:00,1,0.2839435636997223
LSTM catalogue,17,test,2024-02-19 00:00:00+00:00,0,0.2722527086734772
LSTM catalogue,17,test,2024-02-26 00:00:00+00:00,0,0.20767146348953247
LSTM catalogue,17,test,2024-03-04 00:00:00+00:00,0,0.21447545289993286
LSTM catalogue,17,test,2024-03-11 00:00:00+00:00,1,0.17479267716407776
LSTM catalogue,17,test,2024-03-18 00:00:00+00:00,0,0.3040352165699005
LSTM catalogue,17,test,2024-03-25 00:00:00+00:00,0,0.21678122878074646
LSTM catalogue,17,test,2024-04-01 00:00:00+00:00,0,0.1683799922466278
LSTM catalogue,17,test,2024-04-08 00:00:00+00:00,0,0.23223507404327393
LSTM catalogue,17,test,2024-04-15 00:00:00+00:00,0,0.2222592979669571
LSTM catalogue,17,test,2024-04-22 00:00:00+00:00,0,0.23793618381023407
LSTM catalogue,17,test,2024-04-29 00:00:00+00:00,0,0.22982020676136017
LSTM catalogue,17,test,2024-05-06 00:00:00+00:00,0,0.21883487701416016
LSTM catalogue,17,test,2024-05-13 00:00:00+00:00,0,0.21331875026226044
LSTM catalogue,17,test,2024-05-20 00:00:00+00:00,0,0.22532972693443298
LSTM catalogue,17,test,2024-05-27 00:00:00+00:00,0,0.2180262953042984
LSTM catalogue,17,test,2024-06-03 00:00:00+00:00,0,0.2114608734846115
LSTM catalogue,17,test,2024-06-10 00:00:00+00:00,0,0.19776445627212524
LSTM catalogue,17,test,2024-06-17 00:00:00+00:00,0,0.21734865009784698
LSTM catalogue,17,test,2024-06-24 00:00:00+00:00,0,0.21235334873199463
LSTM catalogue,17,test,2024-07-01 00:00:00+00:00,0,0.2390313446521759
LSTM catalogue,17,test,2024-07-08 00:00:00+00:00,0,0.30715230107307434
LSTM catalogue,17,test,2024-07-15 00:00:00+00:00,0,0.24478328227996826
LSTM catalogue,17,test,2024-07-22 00:00:00+00:00,0,0.2252657562494278
LSTM catalogue,17,test,2024-07-29 00:00:00+00:00,0,0.2133839726448059
LSTM catalogue,17,test,2024-08-05 00:00:00+00:00,0,0.21058416366577148
LSTM catalogue,17,test,2024-08-12 00:00:00+00:00,0,0.17497849464416504
LSTM catalogue,17,test,2024-08-19 00:00:00+00:00,0,0.22555984556674957
LSTM catalogue,17,test,2024-08-26 00:00:00+00:00,1,0.21971413493156433
LSTM catalogue,17,test,2024-09-02 00:00:00+00:00,1,0.271879643201828
LSTM catalogue,17,test,2024-09-09 00:00:00+00:00,0,0.31328946352005005
LSTM catalogue,17,test,2024-09-16 00:00:00+00:00,1,0.2505054175853729
LSTM catalogue,17,test,2024-09-23 00:00:00+00:00,1,0.23008929193019867
LSTM catalogue,17,test,2024-09-30 00:00:00+00:00,0,0.2291174679994583
LSTM catalogue,17,test,2024-10-07 00:00:00+00:00,0,0.2073965221643448
LSTM catalogue,17,test,2024-10-14 00:00:00+00:00,0,0.1894388049840927
LSTM catalogue,17,test,2024-10-21 00:00:00+00:00,0,0.21932178735733032
LSTM catalogue,17,test,2024-10-28 00:00:00+00:00,0,0.21970690786838531
LSTM catalogue,17,test,2024-11-04 00:00:00+00:00,0,0.16684022545814514
LSTM catalogue,17,test,2024-11-11 00:00:00+00:00,0,0.20526938140392303
LSTM catalogue,17,test,2024-11-18 00:00:00+00:00,0,0.22557604312896729
LSTM catalogue,17,test,2024-11-25 00:00:00+00:00,1,0.21447785198688507
LSTM catalogue,17,test,2024-12-02 00:00:00+00:00,0,0.22093281149864197
LSTM catalogue,17,test,2024-12-09 00:00:00+00:00,0,0.20946145057678223
LSTM catalogue,17,test,2024-12-16 00:00:00+00:00,0,0.20872052013874054
LSTM catalogue,17,test,2024-12-23 00:00:00+00:00,0,0.21063260734081268
LSTM catalogue,17,test,2024-12-30 00:00:00+00:00,1,0.21058416366577148
LSTM catalogue,17,test,2025-01-06 00:00:00+00:00,0,0.23597468435764313
LSTM catalogue,17,test,2025-01-13 00:00:00+00:00,0,0.15336783230304718
LSTM catalogue,17,test,2025-01-20 00:00:00+00:00,0,0.2214207947254181
LSTM catalogue,17,test,2025-01-27 00:00:00+00:00,0,0.21642941236495972
LSTM catalogue,17,test,2025-02-03 00:00:00+00:00,0,0.17892873287200928
LSTM catalogue,17,test,2025-02-10 00:00:00+00:00,0,0.22360338270664215
LSTM catalogue,17,test,2025-02-17 00:00:00+00:00,0,0.21729256212711334
LSTM catalogue,17,test,2025-02-24 00:00:00+00:00,0,0.21718436479568481
LSTM catalogue,17,test,2025-03-03 00:00:00+00:00,0,0.22197279334068298
LSTM catalogue,17,test,2025-03-10 00:00:00+00:00,0,0.22446994483470917
LSTM catalogue,17,test,2025-03-17 00:00:00+00:00,1,0.19717200100421906
LSTM catalogue,17,test,2025-03-24 00:00:00+00:00,1,0.25131750106811523
LSTM catalogue,17,test,2025-03-31 00:00:00+00:00,0,0.22539548575878143
LSTM catalogue,17,test,2025-04-07 00:00:00+00:00,0,0.2107449620962143
LSTM catalogue,17,test,2025-04-14 00:00:00+00:00,0,0.20289748907089233
LSTM catalogue,17,test,2025-04-21 00:00:00+00:00,1,0.22353772819042206
LSTM catalogue,17,test,2025-04-28 00:00:00+00:00,0,0.1681223064661026
LSTM catalogue,17,test,2025-05-05 00:00:00+00:00,1,0.19076727330684662
LSTM catalogue,17,test,2025-05-12 00:00:00+00:00,0,0.2429688721895218
LSTM catalogue,17,test,2025-05-19 00:00:00+00:00,0,0.2486456334590912
LSTM catalogue,17,test,2025-05-26 00:00:00+00:00,0,0.225457563996315
LSTM catalogue,17,test,2025-06-02 00:00:00+00:00,0,0.15045030415058136
LSTM catalogue,17,test,2025-06-09 00:00:00+00:00,0,0.22176863253116608
LSTM catalogue,17,test,2025-06-16 00:00:00+00:00,0,0.2252964973449707
LSTM catalogue,17,test,2025-06-23 00:00:00+00:00,0,0.1717277616262436
LSTM catalogue,17,test,2025-06-30 00:00:00+00:00,1,0.22085756063461304
LSTM catalogue,17,test,2025-07-07 00:00:00+00:00,0,0.33023801445961
LSTM catalogue,17,test,2025-07-14 00:00:00+00:00,0,0.2396736592054367
LSTM catalogue,17,test,2025-07-21 00:00:00+00:00,0,0.2311296910047531
LSTM catalogue,17,test,2025-07-28 00:00:00+00:00,0,0.16430670022964478
LSTM catalogue,17,test,2025-08-04 00:00:00+00:00,0,0.24189972877502441
LSTM catalogue,17,test,2025-08-11 00:00:00+00:00,0,0.22378195822238922
LSTM catalogue,17,test,2025-08-18 00:00:00+00:00,0,0.21525196731090546
LSTM catalogue,17,test,2025-08-25 00:00:00+00:00,0,0.21725144982337952
LSTM catalogue,17,test,2025-09-01 00:00:00+00:00,0,0.22921372950077057
LSTM catalogue,17,test,2025-09-08 00:00:00+00:00,0,0.22923316061496735
LSTM catalogue,17,test,2025-09-15 00:00:00+00:00,0,0.21951425075531006
LSTM catalogue,17,test,2025-09-22 00:00:00+00:00,0,0.2310105562210083
LSTM catalogue,17,test,2025-09-29 00:00:00+00:00,1,0.2321961522102356
LSTM catalogue,17,test,2025-10-06 00:00:00+00:00,0,0.2321173995733261
LSTM catalogue,17,test,2025-10-13 00:00:00+00:00,1,0.14941181242465973
LSTM catalogue,17,test,2025-10-20 00:00:00+00:00,0,0.2965128421783447
LSTM catalogue,17,test,2025-10-27 00:00:00+00:00,0,0.21511586010456085
LSTM catalogue,17,test,2025-11-03 00:00:00+00:00,0,0.29302218556404114
LSTM catalogue,17,test,2025-11-10 00:00:00+00:00,1,0.2427283078432083
LSTM catalogue,17,test,2025-11-17 00:00:00+00:00,0,0.22814735770225525
LSTM catalogue,17,test,2025-11-24 00:00:00+00:00,0,0.22136124968528748
LSTM catalogue,17,test,2025-12-01 00:00:00+00:00,0,0.2100221812725067
LSTM catalogue,17,test,2025-12-08 00:00:00+00:00,1,0.21069832146167755
LSTM catalogue,17,test,2025-12-15 00:00:00+00:00,0,0.21950823068618774
LSTM catalogue,17,test,2025-12-22 00:00:00+00:00,0,0.21692509949207306
LSTM catalogue,27,test,2021-01-04 00:00:00+00:00,0,0.1942157745361328
LSTM catalogue,27,test,2021-01-11 00:00:00+00:00,1,0.25760364532470703
LSTM catalogue,27,test,2021-01-18 00:00:00+00:00,1,0.2146463841199875
LSTM catalogue,27,test,2021-01-25 00:00:00+00:00,0,0.24287626147270203
LSTM catalogue,27,test,2021-02-01 00:00:00+00:00,0,0.23588651418685913
LSTM catalogue,27,test,2021-02-08 00:00:00+00:00,1,0.21852438151836395
LSTM catalogue,27,test,2021-02-15 00:00:00+00:00,0,0.22345976531505585
LSTM catalogue,27,test,2021-02-22 00:00:00+00:00,0,0.22746892273426056
LSTM catalogue,27,test,2021-03-01 00:00:00+00:00,0,0.25528696179389954
LSTM catalogue,27,test,2021-03-08 00:00:00+00:00,1,0.2521410584449768
LSTM catalogue,27,test,2021-03-15 00:00:00+00:00,0,0.23385387659072876
LSTM catalogue,27,test,2021-03-22 00:00:00+00:00,0,0.22203704714775085
LSTM catalogue,27,test,2021-03-29 00:00:00+00:00,0,0.21833445131778717
LSTM catalogue,27,test,2021-04-05 00:00:00+00:00,0,0.21959346532821655
LSTM catalogue,27,test,2021-04-12 00:00:00+00:00,0,0.1793517768383026
LSTM catalogue,27,test,2021-04-19 00:00:00+00:00,1,0.21857035160064697
LSTM catalogue,27,test,2021-04-26 00:00:00+00:00,1,0.2496909201145172
LSTM catalogue,27,test,2021-05-03 00:00:00+00:00,0,0.1831425130367279
LSTM catalogue,27,test,2021-05-10 00:00:00+00:00,0,0.2223568707704544
LSTM catalogue,27,test,2021-05-17 00:00:00+00:00,0,0.22457362711429596
LSTM catalogue,27,test,2021-05-24 00:00:00+00:00,0,0.17201603949069977
LSTM catalogue,27,test,2021-05-31 00:00:00+00:00,0,0.24764910340309143
LSTM catalogue,27,test,2021-06-07 00:00:00+00:00,1,0.2010064274072647
LSTM catalogue,27,test,2021-06-14 00:00:00+00:00,0,0.2637886703014374
LSTM catalogue,27,test,2021-06-21 00:00:00+00:00,0,0.28637537360191345
LSTM catalogue,27,test,2021-06-28 00:00:00+00:00,1,0.2581789791584015
LSTM catalogue,27,test,2021-07-05 00:00:00+00:00,1,0.40614932775497437
LSTM catalogue,27,test,2021-07-12 00:00:00+00:00,0,0.31140345335006714
LSTM catalogue,27,test,2021-07-19 00:00:00+00:00,0,0.25379371643066406
LSTM catalogue,27,test,2021-07-26 00:00:00+00:00,0,0.22631338238716125
LSTM catalogue,27,test,2021-08-02 00:00:00+00:00,0,0.21929113566875458
LSTM catalogue,27,test,2021-08-09 00:00:00+00:00,0,0.2331814020872116
LSTM catalogue,27,test,2021-08-16 00:00:00+00:00,0,0.22999610006809235
LSTM catalogue,27,test,2021-08-23 00:00:00+00:00,0,0.2339005023241043
LSTM catalogue,27,test,2021-08-30 00:00:00+00:00,0,0.2276679426431656
LSTM catalogue,27,test,2021-09-06 00:00:00+00:00,0,0.22006087005138397
LSTM catalogue,27,test,2021-09-13 00:00:00+00:00,0,0.22051945328712463
LSTM catalogue,27,test,2021-09-20 00:00:00+00:00,0,0.23993028700351715
LSTM catalogue,27,test,2021-09-27 00:00:00+00:00,0,0.24917930364608765
LSTM catalogue,27,test,2021-10-04 00:00:00+00:00,0,0.2478068470954895
LSTM catalogue,27,test,2021-10-11 00:00:00+00:00,0,0.2644117772579193
LSTM catalogue,27,test,2021-10-18 00:00:00+00:00,0,0.22951938211917877
LSTM catalogue,27,test,2021-10-25 00:00:00+00:00,0,0.21080940961837769
LSTM catalogue,27,test,2021-11-01 00:00:00+00:00,1,0.23314841091632843
LSTM catalogue,27,test,2021-11-08 00:00:00+00:00,0,0.2492998242378235
LSTM catalogue,27,test,2021-11-15 00:00:00+00:00,0,0.25092655420303345
LSTM catalogue,27,test,2021-11-22 00:00:00+00:00,0,0.26048681139945984
LSTM catalogue,27,test,2021-11-29 00:00:00+00:00,0,0.2352074682712555
LSTM catalogue,27,test,2021-12-06 00:00:00+00:00,1,0.22411935031414032
LSTM catalogue,27,test,2021-12-13 00:00:00+00:00,1,0.24676057696342468
LSTM catalogue,27,test,2021-12-20 00:00:00+00:00,0,0.2190311700105667
LSTM catalogue,27,test,2021-12-27 00:00:00+00:00,0,0.21949324011802673
LSTM catalogue,27,test,2022-01-03 00:00:00+00:00,0,0.22863921523094177
LSTM catalogue,27,test,2022-01-10 00:00:00+00:00,0,0.227492094039917
LSTM catalogue,27,test,2022-01-17 00:00:00+00:00,0,0.19557790458202362
LSTM catalogue,27,test,2022-01-24 00:00:00+00:00,0,0.23892685770988464
LSTM catalogue,27,test,2022-01-31 00:00:00+00:00,0,0.2271687388420105
LSTM catalogue,27,test,2022-02-07 00:00:00+00:00,0,0.23700019717216492
LSTM catalogue,27,test,2022-02-14 00:00:00+00:00,0,0.2296190857887268
LSTM catalogue,27,test,2022-02-21 00:00:00+00:00,1,0.22158853709697723
LSTM catalogue,27,test,2022-02-28 00:00:00+00:00,0,0.18957637250423431
LSTM catalogue,27,test,2022-03-07 00:00:00+00:00,0,0.21721094846725464
LSTM catalogue,27,test,2022-03-14 00:00:00+00:00,0,0.2311052680015564
LSTM catalogue,27,test,2022-03-21 00:00:00+00:00,0,0.21705955266952515
LSTM catalogue,27,test,2022-03-28 00:00:00+00:00,1,0.23109276592731476
LSTM catalogue,27,test,2022-04-04 00:00:00+00:00,0,0.22409401834011078
LSTM catalogue,27,test,2022-04-11 00:00:00+00:00,1,0.22616779804229736
LSTM catalogue,27,test,2022-04-18 00:00:00+00:00,0,0.2597825527191162
LSTM catalogue,27,test,2022-04-25 00:00:00+00:00,0,0.2390856146812439
LSTM catalogue,27,test,2022-05-02 00:00:00+00:00,1,0.23076073825359344
LSTM catalogue,27,test,2022-05-09 00:00:00+00:00,0,0.2506559491157532
LSTM catalogue,27,test,2022-05-16 00:00:00+00:00,1,0.22747284173965454
LSTM catalogue,27,test,2022-05-23 00:00:00+00:00,0,0.2333933562040329
LSTM catalogue,27,test,2022-05-30 00:00:00+00:00,0,0.2210046350955963
LSTM catalogue,27,test,2022-06-06 00:00:00+00:00,0,0.2202802151441574
LSTM catalogue,27,test,2022-06-13 00:00:00+00:00,1,0.23938804864883423
LSTM catalogue,27,test,2022-06-20 00:00:00+00:00,1,0.2414247989654541
LSTM catalogue,27,test,2022-06-27 00:00:00+00:00,0,0.24802027642726898
LSTM catalogue,27,test,2022-07-04 00:00:00+00:00,0,0.23149333894252777
LSTM catalogue,27,test,2022-07-11 00:00:00+00:00,1,0.22354601323604584
LSTM catalogue,27,test,2022-07-18 00:00:00+00:00,0,0.23030684888362885
LSTM catalogue,27,test,2022-07-25 00:00:00+00:00,0,0.22235506772994995
LSTM catalogue,27,test,2022-08-01 00:00:00+00:00,0,0.2189023643732071
LSTM catalogue,27,test,2022-08-08 00:00:00+00:00,0,0.2198917120695114
LSTM catalogue,27,test,2022-08-15 00:00:00+00:00,0,0.20661306381225586
LSTM catalogue,27,test,2022-08-22 00:00:00+00:00,0,0.2436860352754593
LSTM catalogue,27,test,2022-08-29 00:00:00+00:00,0,0.2476097047328949
LSTM catalogue,27,test,2022-09-05 00:00:00+00:00,0,0.24671421945095062
LSTM catalogue,27,test,2022-09-12 00:00:00+00:00,0,0.19611993432044983
LSTM catalogue,27,test,2022-09-19 00:00:00+00:00,0,0.2373882234096527
LSTM catalogue,27,test,2022-09-26 00:00:00+00:00,0,0.22392567992210388
LSTM catalogue,27,test,2022-10-03 00:00:00+00:00,0,0.2647344768047333
LSTM catalogue,27,test,2022-10-10 00:00:00+00:00,0,0.25273215770721436
LSTM catalogue,27,test,2022-10-17 00:00:00+00:00,1,0.2562592625617981
LSTM catalogue,27,test,2022-10-24 00:00:00+00:00,0,0.2562691867351532
LSTM catalogue,27,test,2022-10-31 00:00:00+00:00,0,0.22400838136672974
LSTM catalogue,27,test,2022-11-07 00:00:00+00:00,1,0.2451569139957428
LSTM catalogue,27,test,2022-11-14 00:00:00+00:00,0,0.19085340201854706
LSTM catalogue,27,test,2022-11-21 00:00:00+00:00,0,0.25476571917533875
LSTM catalogue,27,test,2022-11-28 00:00:00+00:00,0,0.2505587339401245
LSTM catalogue,27,test,2022-12-05 00:00:00+00:00,1,0.24430562555789948
LSTM catalogue,27,test,2022-12-12 00:00:00+00:00,0,0.32589080929756165
LSTM catalogue,27,test,2022-12-19 00:00:00+00:00,0,0.23969729244709015
LSTM catalogue,27,test,2022-12-26 00:00:00+00:00,0,0.2379465252161026
LSTM catalogue,27,test,2023-01-02 00:00:00+00:00,0,0.2666987180709839
LSTM catalogue,27,test,2023-01-09 00:00:00+00:00,1,0.28426194190979004
LSTM catalogue,27,test,2023-01-16 00:00:00+00:00,0,0.3641796112060547
LSTM catalogue,27,test,2023-01-23 00:00:00+00:00,0,0.33126190304756165
LSTM catalogue,27,test,2023-01-30 00:00:00+00:00,1,0.2578771710395813
LSTM catalogue,27,test,2023-02-06 00:00:00+00:00,0,0.3873295485973358
LSTM catalogue,27,test,2023-02-13 00:00:00+00:00,0,0.25713586807250977
LSTM catalogue,27,test,2023-02-20 00:00:00+00:00,1,0.23887090384960175
LSTM catalogue,27,test,2023-02-27 00:00:00+00:00,0,0.25931841135025024
LSTM catalogue,27,test,2023-03-06 00:00:00+00:00,1,0.22280803322792053
LSTM catalogue,27,test,2023-03-13 00:00:00+00:00,0,0.2195570170879364
LSTM catalogue,27,test,2023-03-20 00:00:00+00:00,1,0.21767587959766388
LSTM catalogue,27,test,2023-03-27 00:00:00+00:00,0,0.21888752281665802
LSTM catalogue,27,test,2023-04-03 00:00:00+00:00,0,0.1629445105791092
LSTM catalogue,27,test,2023-04-10 00:00:00+00:00,0,0.21970251202583313
LSTM catalogue,27,test,2023-04-17 00:00:00+00:00,0,0.2255769520998001
LSTM catalogue,27,test,2023-04-24 00:00:00+00:00,0,0.22496336698532104
LSTM catalogue,27,test,2023-05-01 00:00:00+00:00,0,0.23311293125152588
LSTM catalogue,27,test,2023-05-08 00:00:00+00:00,0,0.22430141270160675
LSTM catalogue,27,test,2023-05-15 00:00:00+00:00,0,0.220706045627594
LSTM catalogue,27,test,2023-05-22 00:00:00+00:00,0,0.21642164885997772
LSTM catalogue,27,test,2023-05-29 00:00:00+00:00,0,0.22293229401111603
LSTM catalogue,27,test,2023-06-05 00:00:00+00:00,0,0.2212868481874466
LSTM catalogue,27,test,2023-06-12 00:00:00+00:00,0,0.22116105258464813
LSTM catalogue,27,test,2023-06-19 00:00:00+00:00,0,0.21971338987350464
LSTM catalogue,27,test,2023-06-26 00:00:00+00:00,0,0.21971338987350464
LSTM catalogue,27,test,2023-07-03 00:00:00+00:00,1,0.22290107607841492
LSTM catalogue,27,test,2023-07-10 00:00:00+00:00,0,0.19807785749435425
LSTM catalogue,27,test,2023-07-17 00:00:00+00:00,0,0.22268132865428925
LSTM catalogue,27,test,2023-07-24 00:00:00+00:00,0,0.21524757146835327
LSTM catalogue,27,test,2023-07-31 00:00:00+00:00,0,0.2231515496969223
LSTM catalogue,27,test,2023-08-07 00:00:00+00:00,0,0.22051754593849182
LSTM catalogue,27,test,2023-08-14 00:00:00+00:00,0,0.221561461687088
LSTM catalogue,27,test,2023-08-21 00:00:00+00:00,0,0.21971338987350464
LSTM catalogue,27,test,2023-08-28 00:00:00+00:00,1,0.2183893471956253
LSTM catalogue,27,test,2023-09-04 00:00:00+00:00,1,0.23190602660179138
LSTM catalogue,27,test,2023-09-11 00:00:00+00:00,1,0.2319711297750473
LSTM catalogue,27,test,2023-09-18 00:00:00+00:00,0,0.1641947478055954
LSTM catalogue,27,test,2023-09-25 00:00:00+00:00,0,0.21518447995185852
LSTM catalogue,27,test,2023-10-02 00:00:00+00:00,0,0.21541845798492432
LSTM catalogue,27,test,2023-10-09 00:00:00+00:00,0,0.21887893974781036
LSTM catalogue,27,test,2023-10-16 00:00:00+00:00,0,0.22004902362823486
LSTM catalogue,27,test,2023-10-23 00:00:00+00:00,1,0.22130058705806732
LSTM catalogue,27,test,2023-10-30 00:00:00+00:00,1,0.23024950921535492
LSTM catalogue,27,test,2023-11-06 00:00:00+00:00,1,0.22104202210903168
LSTM catalogue,27,test,2023-11-13 00:00:00+00:00,0,0.21398021280765533
LSTM catalogue,27,test,2023-11-20 00:00:00+00:00,0,0.2202271670103073
LSTM catalogue,27,test,2023-11-27 00:00:00+00:00,0,0.21827146410942078
LSTM catalogue,27,test,2023-12-04 00:00:00+00:00,0,0.2892196774482727
LSTM catalogue,27,test,2023-12-11 00:00:00+00:00,0,0.2163989543914795
LSTM catalogue,27,test,2023-12-18 00:00:00+00:00,0,0.24971602857112885
LSTM catalogue,27,test,2023-12-25 00:00:00+00:00,0,0.21898557245731354
LSTM catalogue,27,test,2024-01-01 00:00:00+00:00,0,0.22582107782363892
LSTM catalogue,27,test,2024-01-08 00:00:00+00:00,0,0.22421105206012726
LSTM catalogue,27,test,2024-01-15 00:00:00+00:00,0,0.22238962352275848
LSTM catalogue,27,test,2024-01-22 00:00:00+00:00,1,0.18149663507938385
LSTM catalogue,27,test,2024-01-29 00:00:00+00:00,0,0.26311659812927246
LSTM catalogue,27,test,2024-02-05 00:00:00+00:00,1,0.23779742419719696
LSTM catalogue,27,test,2024-02-12 00:00:00+00:00,1,0.2008943259716034
LSTM catalogue,27,test,2024-02-19 00:00:00+00:00,0,0.2606848180294037
LSTM catalogue,27,test,2024-02-26 00:00:00+00:00,0,0.2097611427307129
LSTM catalogue,27,test,2024-03-04 00:00:00+00:00,0,0.22043269872665405
LSTM catalogue,27,test,2024-03-11 00:00:00+00:00,1,0.20193403959274292
LSTM catalogue,27,test,2024-03-18 00:00:00+00:00,0,0.26327502727508545
LSTM catalogue,27,test,2024-03-25 00:00:00+00:00,0,0.22630015015602112
LSTM catalogue,27,test,2024-04-01 00:00:00+00:00,0,0.2086213380098343
LSTM catalogue,27,test,2024-04-08 00:00:00+00:00,0,0.24460622668266296
LSTM catalogue,27,test,2024-04-15 00:00:00+00:00,0,0.22539620101451874
LSTM catalogue,27,test,2024-04-22 00:00:00+00:00,0,0.2413201779127121
LSTM catalogue,27,test,2024-04-29 00:00:00+00:00,0,0.23540398478507996
LSTM catalogue,27,test,2024-05-06 00:00:00+00:00,0,0.22794999182224274
LSTM catalogue,27,test,2024-05-13 00:00:00+00:00,0,0.22332987189292908
LSTM catalogue,27,test,2024-05-20 00:00:00+00:00,0,0.22053144872188568
LSTM catalogue,27,test,2024-05-27 00:00:00+00:00,0,0.2224297970533371
LSTM catalogue,27,test,2024-06-03 00:00:00+00:00,0,0.2209436148405075
LSTM catalogue,27,test,2024-06-10 00:00:00+00:00,0,0.20815369486808777
LSTM catalogue,27,test,2024-06-17 00:00:00+00:00,0,0.22321470081806183
LSTM catalogue,27,test,2024-06-24 00:00:00+00:00,0,0.22141966223716736
LSTM catalogue,27,test,2024-07-01 00:00:00+00:00,0,0.24298475682735443
LSTM catalogue,27,test,2024-07-08 00:00:00+00:00,0,0.28234949707984924
LSTM catalogue,27,test,2024-07-15 00:00:00+00:00,0,0.2511773407459259
LSTM catalogue,27,test,2024-07-22 00:00:00+00:00,0,0.24682095646858215
LSTM catalogue,27,test,2024-07-29 00:00:00+00:00,0,0.22326301038265228
LSTM catalogue,27,test,2024-08-05 00:00:00+00:00,0,0.21971338987350464
LSTM catalogue,27,test,2024-08-12 00:00:00+00:00,0,0.16574640572071075
LSTM catalogue,27,test,2024-08-19 00:00:00+00:00,0,0.224517360329628
LSTM catalogue,27,test,2024-08-26 00:00:00+00:00,1,0.2251199185848236
LSTM catalogue,27,test,2024-09-02 00:00:00+00:00,1,0.2425120621919632
LSTM catalogue,27,test,2024-09-09 00:00:00+00:00,0,0.27809563279151917
LSTM catalogue,27,test,2024-09-16 00:00:00+00:00,1,0.23317892849445343
LSTM catalogue,27,test,2024-09-23 00:00:00+00:00,1,0.19971995055675507
LSTM catalogue,27,test,2024-09-30 00:00:00+00:00,0,0.2263360619544983
LSTM catalogue,27,test,2024-10-07 00:00:00+00:00,0,0.2169622778892517
LSTM catalogue,27,test,2024-10-14 00:00:00+00:00,0,0.2019018828868866
LSTM catalogue,27,test,2024-10-21 00:00:00+00:00,0,0.22478574514389038
LSTM catalogue,27,test,2024-10-28 00:00:00+00:00,0,0.22152039408683777
LSTM catalogue,27,test,2024-11-04 00:00:00+00:00,0,0.18418817222118378
LSTM catalogue,27,test,2024-11-11 00:00:00+00:00,0,0.1921086311340332
LSTM catalogue,27,test,2024-11-18 00:00:00+00:00,0,0.227938711643219
LSTM catalogue,27,test,2024-11-25 00:00:00+00:00,1,0.22447216510772705
LSTM catalogue,27,test,2024-12-02 00:00:00+00:00,0,0.22744490206241608
LSTM catalogue,27,test,2024-12-09 00:00:00+00:00,0,0.21918430924415588
LSTM catalogue,27,test,2024-12-16 00:00:00+00:00,0,0.21857398748397827
LSTM catalogue,27,test,2024-12-23 00:00:00+00:00,0,0.2197287231683731
LSTM catalogue,27,test,2024-12-30 00:00:00+00:00,1,0.21971338987350464
LSTM catalogue,27,test,2025-01-06 00:00:00+00:00,0,0.23181882500648499
LSTM catalogue,27,test,2025-01-13 00:00:00+00:00,0,0.17480231821537018
LSTM catalogue,27,test,2025-01-20 00:00:00+00:00,0,0.2265823483467102
LSTM catalogue,27,test,2025-01-27 00:00:00+00:00,0,0.22596077620983124
LSTM catalogue,27,test,2025-02-03 00:00:00+00:00,0,0.17888446152210236
LSTM catalogue,27,test,2025-02-10 00:00:00+00:00,0,0.22698110342025757
LSTM catalogue,27,test,2025-02-17 00:00:00+00:00,0,0.22139395773410797
LSTM catalogue,27,test,2025-02-24 00:00:00+00:00,0,0.22534646093845367
LSTM catalogue,27,test,2025-03-03 00:00:00+00:00,0,0.2273031771183014
LSTM catalogue,27,test,2025-03-10 00:00:00+00:00,0,0.22585520148277283
LSTM catalogue,27,test,2025-03-17 00:00:00+00:00,1,0.1833568960428238
LSTM catalogue,27,test,2025-03-24 00:00:00+00:00,1,0.23946401476860046
LSTM catalogue,27,test,2025-03-31 00:00:00+00:00,0,0.2252642810344696
LSTM catalogue,27,test,2025-04-07 00:00:00+00:00,0,0.22089552879333496
LSTM catalogue,27,test,2025-04-14 00:00:00+00:00,0,0.21242523193359375
LSTM catalogue,27,test,2025-04-21 00:00:00+00:00,1,0.22592175006866455
LSTM catalogue,27,test,2025-04-28 00:00:00+00:00,0,0.18560519814491272
LSTM catalogue,27,test,2025-05-05 00:00:00+00:00,1,0.20390364527702332
LSTM catalogue,27,test,2025-05-12 00:00:00+00:00,0,0.23520082235336304
LSTM catalogue,27,test,2025-05-19 00:00:00+00:00,0,0.24850857257843018
LSTM catalogue,27,test,2025-05-26 00:00:00+00:00,0,0.24324947595596313
LSTM catalogue,27,test,2025-06-02 00:00:00+00:00,0,0.1796877384185791
LSTM catalogue,27,test,2025-06-09 00:00:00+00:00,0,0.22729845345020294
LSTM catalogue,27,test,2025-06-16 00:00:00+00:00,0,0.22868996858596802
LSTM catalogue,27,test,2025-06-23 00:00:00+00:00,0,0.17603915929794312
LSTM catalogue,27,test,2025-06-30 00:00:00+00:00,1,0.2209738790988922
LSTM catalogue,27,test,2025-07-07 00:00:00+00:00,0,0.2702559530735016
LSTM catalogue,27,test,2025-07-14 00:00:00+00:00,0,0.23464512825012207
LSTM catalogue,27,test,2025-07-21 00:00:00+00:00,0,0.24435727298259735
LSTM catalogue,27,test,2025-07-28 00:00:00+00:00,0,0.18760985136032104
LSTM catalogue,27,test,2025-08-04 00:00:00+00:00,0,0.23437266051769257
LSTM catalogue,27,test,2025-08-11 00:00:00+00:00,0,0.22974039614200592
LSTM catalogue,27,test,2025-08-18 00:00:00+00:00,0,0.224478617310524
LSTM catalogue,27,test,2025-08-25 00:00:00+00:00,0,0.22558698058128357
LSTM catalogue,27,test,2025-09-01 00:00:00+00:00,0,0.2302643358707428
LSTM catalogue,27,test,2025-09-08 00:00:00+00:00,0,0.23208928108215332
LSTM catalogue,27,test,2025-09-15 00:00:00+00:00,0,0.22965289652347565
LSTM catalogue,27,test,2025-09-22 00:00:00+00:00,0,0.23113411664962769
LSTM catalogue,27,test,2025-09-29 00:00:00+00:00,1,0.2335517406463623
LSTM catalogue,27,test,2025-10-06 00:00:00+00:00,0,0.22869838774204254
LSTM catalogue,27,test,2025-10-13 00:00:00+00:00,1,0.1729314923286438
LSTM catalogue,27,test,2025-10-20 00:00:00+00:00,0,0.24120549857616425
LSTM catalogue,27,test,2025-10-27 00:00:00+00:00,0,0.20500008761882782
LSTM catalogue,27,test,2025-11-03 00:00:00+00:00,0,0.2639300227165222
LSTM catalogue,27,test,2025-11-10 00:00:00+00:00,1,0.2652086019515991
LSTM catalogue,27,test,2025-11-17 00:00:00+00:00,0,0.2289259135723114
LSTM catalogue,27,test,2025-11-24 00:00:00+00:00,0,0.2273562103509903
LSTM catalogue,27,test,2025-12-01 00:00:00+00:00,0,0.21934916079044342
LSTM catalogue,27,test,2025-12-08 00:00:00+00:00,1,0.2196599692106247
LSTM catalogue,27,test,2025-12-15 00:00:00+00:00,0,0.22041833400726318
LSTM catalogue,27,test,2025-12-22 00:00:00+00:00,0,0.22016504406929016
Transformer compact,27,test,2021-01-04 00:00:00+00:00,0,0.26274532079696655
Transformer compact,27,test,2021-01-11 00:00:00+00:00,1,0.263120174407959
Transformer compact,27,test,2021-01-18 00:00:00+00:00,1,0.2631583511829376
Transformer compact,27,test,2021-01-25 00:00:00+00:00,0,0.27839717268943787
Transformer compact,27,test,2021-02-01 00:00:00+00:00,0,0.27170509099960327
Transformer compact,27,test,2021-02-08 00:00:00+00:00,1,0.2590811550617218
Transformer compact,27,test,2021-02-15 00:00:00+00:00,0,0.2539690136909485
Transformer compact,27,test,2021-02-22 00:00:00+00:00,0,0.24530404806137085
Transformer compact,27,test,2021-03-01 00:00:00+00:00,0,0.2675480246543884
Transformer compact,27,test,2021-03-08 00:00:00+00:00,1,0.27263668179512024
Transformer compact,27,test,2021-03-15 00:00:00+00:00,0,0.26263222098350525
Transformer compact,27,test,2021-03-22 00:00:00+00:00,0,0.2443224936723709
Transformer compact,27,test,2021-03-29 00:00:00+00:00,0,0.23399050533771515
Transformer compact,27,test,2021-04-05 00:00:00+00:00,0,0.23237715661525726
Transformer compact,27,test,2021-04-12 00:00:00+00:00,0,0.2402242124080658
Transformer compact,27,test,2021-04-19 00:00:00+00:00,1,0.2408694177865982
Transformer compact,27,test,2021-04-26 00:00:00+00:00,1,0.2742471396923065
Transformer compact,27,test,2021-05-03 00:00:00+00:00,0,0.3006496727466583
Transformer compact,27,test,2021-05-10 00:00:00+00:00,0,0.28604280948638916
Transformer compact,27,test,2021-05-17 00:00:00+00:00,0,0.28799739480018616
Transformer compact,27,test,2021-05-24 00:00:00+00:00,0,0.25534501671791077
Transformer compact,27,test,2021-05-31 00:00:00+00:00,0,0.24855177104473114
Transformer compact,27,test,2021-06-07 00:00:00+00:00,1,0.2553863823413849
Transformer compact,27,test,2021-06-14 00:00:00+00:00,0,0.2632199227809906
Transformer compact,27,test,2021-06-21 00:00:00+00:00,0,0.25947487354278564
Transformer compact,27,test,2021-06-28 00:00:00+00:00,1,0.2728750705718994
Transformer compact,27,test,2021-07-05 00:00:00+00:00,1,0.3265134394168854
Transformer compact,27,test,2021-07-12 00:00:00+00:00,0,0.31522661447525024
Transformer compact,27,test,2021-07-19 00:00:00+00:00,0,0.31767141819000244
Transformer compact,27,test,2021-07-26 00:00:00+00:00,0,0.2969883978366852
Transformer compact,27,test,2021-08-02 00:00:00+00:00,0,0.30009207129478455
Transformer compact,27,test,2021-08-09 00:00:00+00:00,0,0.2605171799659729
Transformer compact,27,test,2021-08-16 00:00:00+00:00,0,0.25261005759239197
Transformer compact,27,test,2021-08-23 00:00:00+00:00,0,0.25087136030197144
Transformer compact,27,test,2021-08-30 00:00:00+00:00,0,0.2575797736644745
Transformer compact,27,test,2021-09-06 00:00:00+00:00,0,0.23881669342517853
Transformer compact,27,test,2021-09-13 00:00:00+00:00,0,0.23935700953006744
Transformer compact,27,test,2021-09-20 00:00:00+00:00,0,0.26643237471580505
Transformer compact,27,test,2021-09-27 00:00:00+00:00,0,0.2767987549304962
Transformer compact,27,test,2021-10-04 00:00:00+00:00,0,0.2840806543827057
Transformer compact,27,test,2021-10-11 00:00:00+00:00,0,0.27309632301330566
Transformer compact,27,test,2021-10-18 00:00:00+00:00,0,0.24608494341373444
Transformer compact,27,test,2021-10-25 00:00:00+00:00,0,0.2413548231124878
Transformer compact,27,test,2021-11-01 00:00:00+00:00,1,0.2400454729795456
Transformer compact,27,test,2021-11-08 00:00:00+00:00,0,0.2535974979400635
Transformer compact,27,test,2021-11-15 00:00:00+00:00,0,0.2717058062553406
Transformer compact,27,test,2021-11-22 00:00:00+00:00,0,0.285003662109375
Transformer compact,27,test,2021-11-29 00:00:00+00:00,0,0.2704753577709198
Transformer compact,27,test,2021-12-06 00:00:00+00:00,1,0.2592753767967224
Transformer compact,27,test,2021-12-13 00:00:00+00:00,1,0.2359026074409485
Transformer compact,27,test,2021-12-20 00:00:00+00:00,0,0.22880609333515167
Transformer compact,27,test,2021-12-27 00:00:00+00:00,0,0.2557167708873749
Transformer compact,27,test,2022-01-03 00:00:00+00:00,0,0.25967371463775635
Transformer compact,27,test,2022-01-10 00:00:00+00:00,0,0.2665293514728546
Transformer compact,27,test,2022-01-17 00:00:00+00:00,0,0.25709474086761475
Transformer compact,27,test,2022-01-24 00:00:00+00:00,0,0.24798350036144257
Transformer compact,27,test,2022-01-31 00:00:00+00:00,0,0.2492552548646927
Transformer compact,27,test,2022-02-07 00:00:00+00:00,0,0.24715103209018707
Transformer compact,27,test,2022-02-14 00:00:00+00:00,0,0.24116066098213196
Transformer compact,27,test,2022-02-21 00:00:00+00:00,1,0.2377784252166748
Transformer compact,27,test,2022-02-28 00:00:00+00:00,0,0.2395246922969818
Transformer compact,27,test,2022-03-07 00:00:00+00:00,0,0.24413082003593445
Transformer compact,27,test,2022-03-14 00:00:00+00:00,0,0.2473524957895279
Transformer compact,27,test,2022-03-21 00:00:00+00:00,0,0.2542690932750702
Transformer compact,27,test,2022-03-28 00:00:00+00:00,1,0.24775807559490204
Transformer compact,27,test,2022-04-04 00:00:00+00:00,0,0.24623562395572662
Transformer compact,27,test,2022-04-11 00:00:00+00:00,1,0.24930764734745026
Transformer compact,27,test,2022-04-18 00:00:00+00:00,0,0.2708345651626587
Transformer compact,27,test,2022-04-25 00:00:00+00:00,0,0.27292200922966003
Transformer compact,27,test,2022-05-02 00:00:00+00:00,1,0.2686258554458618
Transformer compact,27,test,2022-05-09 00:00:00+00:00,0,0.2773098647594452
Transformer compact,27,test,2022-05-16 00:00:00+00:00,1,0.2977825403213501
Transformer compact,27,test,2022-05-23 00:00:00+00:00,0,0.28302431106567383
Transformer compact,27,test,2022-05-30 00:00:00+00:00,0,0.2792517840862274
Transformer compact,27,test,2022-06-06 00:00:00+00:00,0,0.2502850890159607
Transformer compact,27,test,2022-06-13 00:00:00+00:00,1,0.2504022717475891
Transformer compact,27,test,2022-06-20 00:00:00+00:00,1,0.2685648798942566
Transformer compact,27,test,2022-06-27 00:00:00+00:00,0,0.26419705152511597
Transformer compact,27,test,2022-07-04 00:00:00+00:00,0,0.2555595934391022
Transformer compact,27,test,2022-07-11 00:00:00+00:00,1,0.25431111454963684
Transformer compact,27,test,2022-07-18 00:00:00+00:00,0,0.2558631896972656
Transformer compact,27,test,2022-07-25 00:00:00+00:00,0,0.2522314786911011
Transformer compact,27,test,2022-08-01 00:00:00+00:00,0,0.24060116708278656
Transformer compact,27,test,2022-08-08 00:00:00+00:00,0,0.23661170899868011
Transformer compact,27,test,2022-08-15 00:00:00+00:00,0,0.25775638222694397
Transformer compact,27,test,2022-08-22 00:00:00+00:00,0,0.2660837769508362
Transformer compact,27,test,2022-08-29 00:00:00+00:00,0,0.26052141189575195
Transformer compact,27,test,2022-09-05 00:00:00+00:00,0,0.25746047496795654
Transformer compact,27,test,2022-09-12 00:00:00+00:00,0,0.27585485577583313
Transformer compact,27,test,2022-09-19 00:00:00+00:00,0,0.26145368814468384
Transformer compact,27,test,2022-09-26 00:00:00+00:00,0,0.2621168792247772
Transformer compact,27,test,2022-10-03 00:00:00+00:00,0,0.26080232858657837
Transformer compact,27,test,2022-10-10 00:00:00+00:00,0,0.25382715463638306
Transformer compact,27,test,2022-10-17 00:00:00+00:00,1,0.27115243673324585
Transformer compact,27,test,2022-10-24 00:00:00+00:00,0,0.27228695154190063
Transformer compact,27,test,2022-10-31 00:00:00+00:00,0,0.2690370976924896
Transformer compact,27,test,2022-11-07 00:00:00+00:00,1,0.26501208543777466
Transformer compact,27,test,2022-11-14 00:00:00+00:00,0,0.25962361693382263
Transformer compact,27,test,2022-11-21 00:00:00+00:00,0,0.27252042293548584
Transformer compact,27,test,2022-11-28 00:00:00+00:00,0,0.27613145112991333
Transformer compact,27,test,2022-12-05 00:00:00+00:00,1,0.28087282180786133
Transformer compact,27,test,2022-12-12 00:00:00+00:00,0,0.2864963710308075
Transformer compact,27,test,2022-12-19 00:00:00+00:00,0,0.29843273758888245
Transformer compact,27,test,2022-12-26 00:00:00+00:00,0,0.2622547149658203
Transformer compact,27,test,2023-01-02 00:00:00+00:00,0,0.2617907226085663
Transformer compact,27,test,2023-01-09 00:00:00+00:00,1,0.2769789695739746
Transformer compact,27,test,2023-01-16 00:00:00+00:00,0,0.27823492884635925
Transformer compact,27,test,2023-01-23 00:00:00+00:00,0,0.2696855068206787
Transformer compact,27,test,2023-01-30 00:00:00+00:00,1,0.2711409628391266
Transformer compact,27,test,2023-02-06 00:00:00+00:00,0,0.30665773153305054
Transformer compact,27,test,2023-02-13 00:00:00+00:00,0,0.27479565143585205
Transformer compact,27,test,2023-02-20 00:00:00+00:00,1,0.29488229751586914
Transformer compact,27,test,2023-02-27 00:00:00+00:00,0,0.28666752576828003
Transformer compact,27,test,2023-03-06 00:00:00+00:00,1,0.2910664975643158
Transformer compact,27,test,2023-03-13 00:00:00+00:00,0,0.2672257125377655
Transformer compact,27,test,2023-03-20 00:00:00+00:00,1,0.26301831007003784
Transformer compact,27,test,2023-03-27 00:00:00+00:00,0,0.23616069555282593
Transformer compact,27,test,2023-04-03 00:00:00+00:00,0,0.25210514664649963
Transformer compact,27,test,2023-04-10 00:00:00+00:00,0,0.23789392411708832
Transformer compact,27,test,2023-04-17 00:00:00+00:00,0,0.2430892288684845
Transformer compact,27,test,2023-04-24 00:00:00+00:00,0,0.2436472475528717
Transformer compact,27,test,2023-05-01 00:00:00+00:00,0,0.2547380328178406
Transformer compact,27,test,2023-05-08 00:00:00+00:00,0,0.2534937560558319
Transformer compact,27,test,2023-05-15 00:00:00+00:00,0,0.24703708291053772
Transformer compact,27,test,2023-05-22 00:00:00+00:00,0,0.24770240485668182
Transformer compact,27,test,2023-05-29 00:00:00+00:00,0,0.23484662175178528
Transformer compact,27,test,2023-06-05 00:00:00+00:00,0,0.24314752221107483
Transformer compact,27,test,2023-06-12 00:00:00+00:00,0,0.23789232969284058
Transformer compact,27,test,2023-06-19 00:00:00+00:00,0,0.23184052109718323
Transformer compact,27,test,2023-06-26 00:00:00+00:00,0,0.23184052109718323
Transformer compact,27,test,2023-07-03 00:00:00+00:00,1,0.23851816356182098
Transformer compact,27,test,2023-07-10 00:00:00+00:00,0,0.2542397975921631
Transformer compact,27,test,2023-07-17 00:00:00+00:00,0,0.24398531019687653
Transformer compact,27,test,2023-07-24 00:00:00+00:00,0,0.25431928038597107
Transformer compact,27,test,2023-07-31 00:00:00+00:00,0,0.23361732065677643
Transformer compact,27,test,2023-08-07 00:00:00+00:00,0,0.24108943343162537
Transformer compact,27,test,2023-08-14 00:00:00+00:00,0,0.23856493830680847
Transformer compact,27,test,2023-08-21 00:00:00+00:00,0,0.23184052109718323
Transformer compact,27,test,2023-08-28 00:00:00+00:00,1,0.23342661559581757
Transformer compact,27,test,2023-09-04 00:00:00+00:00,1,0.2491200566291809
Transformer compact,27,test,2023-09-11 00:00:00+00:00,1,0.2657826840877533
Transformer compact,27,test,2023-09-18 00:00:00+00:00,0,0.28938838839530945
Transformer compact,27,test,2023-09-25 00:00:00+00:00,0,0.2621350884437561
Transformer compact,27,test,2023-10-02 00:00:00+00:00,0,0.22923582792282104
Transformer compact,27,test,2023-10-09 00:00:00+00:00,0,0.23117442429065704
Transformer compact,27,test,2023-10-16 00:00:00+00:00,0,0.23479990661144257
Transformer compact,27,test,2023-10-23 00:00:00+00:00,1,0.24633781611919403
Transformer compact,27,test,2023-10-30 00:00:00+00:00,1,0.2460634708404541
Transformer compact,27,test,2023-11-06 00:00:00+00:00,1,0.26669639348983765
Transformer compact,27,test,2023-11-13 00:00:00+00:00,0,0.29095789790153503
Transformer compact,27,test,2023-11-20 00:00:00+00:00,0,0.2816773056983948
Transformer compact,27,test,2023-11-27 00:00:00+00:00,0,0.32206517457962036
Transformer compact,27,test,2023-12-04 00:00:00+00:00,0,0.2868867814540863
Transformer compact,27,test,2023-12-11 00:00:00+00:00,0,0.2797844409942627
Transformer compact,27,test,2023-12-18 00:00:00+00:00,0,0.27041664719581604
Transformer compact,27,test,2023-12-25 00:00:00+00:00,0,0.24517905712127686
Transformer compact,27,test,2024-01-01 00:00:00+00:00,0,0.23805230855941772
Transformer compact,27,test,2024-01-08 00:00:00+00:00,0,0.23983769118785858
Transformer compact,27,test,2024-01-15 00:00:00+00:00,0,0.23987318575382233
Transformer compact,27,test,2024-01-22 00:00:00+00:00,1,0.25846776366233826
Transformer compact,27,test,2024-01-29 00:00:00+00:00,0,0.2858021557331085
Transformer compact,27,test,2024-02-05 00:00:00+00:00,1,0.28746160864830017
Transformer compact,27,test,2024-02-12 00:00:00+00:00,1,0.28859931230545044
Transformer compact,27,test,2024-02-19 00:00:00+00:00,0,0.2801622450351715
Transformer compact,27,test,2024-02-26 00:00:00+00:00,0,0.26210927963256836
Transformer compact,27,test,2024-03-04 00:00:00+00:00,0,0.2574222683906555
Transformer compact,27,test,2024-03-11 00:00:00+00:00,1,0.2743057906627655
Transformer compact,27,test,2024-03-18 00:00:00+00:00,0,0.24844692647457123
Transformer compact,27,test,2024-03-25 00:00:00+00:00,0,0.2620224356651306
Transformer compact,27,test,2024-04-01 00:00:00+00:00,0,0.25992241501808167
Transformer compact,27,test,2024-04-08 00:00:00+00:00,0,0.25178849697113037
Transformer compact,27,test,2024-04-15 00:00:00+00:00,0,0.24977238476276398
Transformer compact,27,test,2024-04-22 00:00:00+00:00,0,0.25249403715133667
Transformer compact,27,test,2024-04-29 00:00:00+00:00,0,0.2532351016998291
Transformer compact,27,test,2024-05-06 00:00:00+00:00,0,0.25243905186653137
Transformer compact,27,test,2024-05-13 00:00:00+00:00,0,0.2505077123641968
Transformer compact,27,test,2024-05-20 00:00:00+00:00,0,0.24372562766075134
Transformer compact,27,test,2024-05-27 00:00:00+00:00,0,0.24442920088768005
Transformer compact,27,test,2024-06-03 00:00:00+00:00,0,0.24852941930294037
Transformer compact,27,test,2024-06-10 00:00:00+00:00,0,0.2451789230108261
Transformer compact,27,test,2024-06-17 00:00:00+00:00,0,0.23328909277915955
Transformer compact,27,test,2024-06-24 00:00:00+00:00,0,0.23883689939975739
Transformer compact,27,test,2024-07-01 00:00:00+00:00,0,0.2529902160167694
Transformer compact,27,test,2024-07-08 00:00:00+00:00,0,0.25957927107810974
Transformer compact,27,test,2024-07-15 00:00:00+00:00,0,0.2676585912704468
Transformer compact,27,test,2024-07-22 00:00:00+00:00,0,0.2571369409561157
Transformer compact,27,test,2024-07-29 00:00:00+00:00,0,0.23894084990024567
Transformer compact,27,test,2024-08-05 00:00:00+00:00,0,0.23184052109718323
Transformer compact,27,test,2024-08-12 00:00:00+00:00,0,0.23756760358810425
Transformer compact,27,test,2024-08-19 00:00:00+00:00,0,0.23875796794891357
Transformer compact,27,test,2024-08-26 00:00:00+00:00,1,0.24454240500926971
Transformer compact,27,test,2024-09-02 00:00:00+00:00,1,0.2574727237224579
Transformer compact,27,test,2024-09-09 00:00:00+00:00,0,0.26396840810775757
Transformer compact,27,test,2024-09-16 00:00:00+00:00,1,0.26011061668395996
Transformer compact,27,test,2024-09-23 00:00:00+00:00,1,0.26976194977760315
Transformer compact,27,test,2024-09-30 00:00:00+00:00,0,0.2677282392978668
Transformer compact,27,test,2024-10-07 00:00:00+00:00,0,0.254855215549469
Transformer compact,27,test,2024-10-14 00:00:00+00:00,0,0.23889096081256866
Transformer compact,27,test,2024-10-21 00:00:00+00:00,0,0.23570090532302856
Transformer compact,27,test,2024-10-28 00:00:00+00:00,0,0.23943279683589935
Transformer compact,27,test,2024-11-04 00:00:00+00:00,0,0.252407044172287
Transformer compact,27,test,2024-11-11 00:00:00+00:00,0,0.25748947262763977
Transformer compact,27,test,2024-11-18 00:00:00+00:00,0,0.2501368224620819
Transformer compact,27,test,2024-11-25 00:00:00+00:00,1,0.24326790869235992
Transformer compact,27,test,2024-12-02 00:00:00+00:00,0,0.2497463822364807
Transformer compact,27,test,2024-12-09 00:00:00+00:00,0,0.2456435263156891
Transformer compact,27,test,2024-12-16 00:00:00+00:00,0,0.2378910928964615
Transformer compact,27,test,2024-12-23 00:00:00+00:00,0,0.2346726357936859
Transformer compact,27,test,2024-12-30 00:00:00+00:00,1,0.23184052109718323
Transformer compact,27,test,2025-01-06 00:00:00+00:00,0,0.25464677810668945
Transformer compact,27,test,2025-01-13 00:00:00+00:00,0,0.2759307622909546
Transformer compact,27,test,2025-01-20 00:00:00+00:00,0,0.26170769333839417
Transformer compact,27,test,2025-01-27 00:00:00+00:00,0,0.25844016671180725
Transformer compact,27,test,2025-02-03 00:00:00+00:00,0,0.248347207903862
Transformer compact,27,test,2025-02-10 00:00:00+00:00,0,0.24600817263126373
Transformer compact,27,test,2025-02-17 00:00:00+00:00,0,0.24537965655326843
Transformer compact,27,test,2025-02-24 00:00:00+00:00,0,0.24451999366283417
Transformer compact,27,test,2025-03-03 00:00:00+00:00,0,0.25117841362953186
Transformer compact,27,test,2025-03-10 00:00:00+00:00,0,0.2512851059436798
Transformer compact,27,test,2025-03-17 00:00:00+00:00,1,0.2605648934841156
Transformer compact,27,test,2025-03-24 00:00:00+00:00,1,0.26758742332458496
Transformer compact,27,test,2025-03-31 00:00:00+00:00,0,0.27626118063926697
Transformer compact,27,test,2025-04-07 00:00:00+00:00,0,0.26171013712882996
Transformer compact,27,test,2025-04-14 00:00:00+00:00,0,0.26630687713623047
Transformer compact,27,test,2025-04-21 00:00:00+00:00,1,0.24589569866657257
Transformer compact,27,test,2025-04-28 00:00:00+00:00,0,0.25874701142311096
Transformer compact,27,test,2025-05-05 00:00:00+00:00,1,0.2621789574623108
Transformer compact,27,test,2025-05-12 00:00:00+00:00,0,0.2864438593387604
Transformer compact,27,test,2025-05-19 00:00:00+00:00,0,0.27126598358154297
Transformer compact,27,test,2025-05-26 00:00:00+00:00,0,0.25742822885513306
Transformer compact,27,test,2025-06-02 00:00:00+00:00,0,0.25551584362983704
Transformer compact,27,test,2025-06-09 00:00:00+00:00,0,0.23604419827461243
Transformer compact,27,test,2025-06-16 00:00:00+00:00,0,0.24521546065807343
Transformer compact,27,test,2025-06-23 00:00:00+00:00,0,0.2539132833480835
Transformer compact,27,test,2025-06-30 00:00:00+00:00,1,0.24804049730300903
Transformer compact,27,test,2025-07-07 00:00:00+00:00,0,0.2513860762119293
Transformer compact,27,test,2025-07-14 00:00:00+00:00,0,0.2620524764060974
Transformer compact,27,test,2025-07-21 00:00:00+00:00,0,0.2627582252025604
Transformer compact,27,test,2025-07-28 00:00:00+00:00,0,0.25886088609695435
Transformer compact,27,test,2025-08-04 00:00:00+00:00,0,0.25229424238204956
Transformer compact,27,test,2025-08-11 00:00:00+00:00,0,0.25467121601104736
Transformer compact,27,test,2025-08-18 00:00:00+00:00,0,0.2443605363368988
Transformer compact,27,test,2025-08-25 00:00:00+00:00,0,0.24626962840557098
Transformer compact,27,test,2025-09-01 00:00:00+00:00,0,0.24618984758853912
Transformer compact,27,test,2025-09-08 00:00:00+00:00,0,0.25311219692230225
Transformer compact,27,test,2025-09-15 00:00:00+00:00,0,0.24676115810871124
Transformer compact,27,test,2025-09-22 00:00:00+00:00,0,0.24948054552078247
Transformer compact,27,test,2025-09-29 00:00:00+00:00,1,0.24149373173713684
Transformer compact,27,test,2025-10-06 00:00:00+00:00,0,0.2537018060684204
Transformer compact,27,test,2025-10-13 00:00:00+00:00,1,0.257053017616272
Transformer compact,27,test,2025-10-20 00:00:00+00:00,0,0.25628915429115295
Transformer compact,27,test,2025-10-27 00:00:00+00:00,0,0.28476762771606445
Transformer compact,27,test,2025-11-03 00:00:00+00:00,0,0.29107096791267395
Transformer compact,27,test,2025-11-10 00:00:00+00:00,1,0.2848561406135559
Transformer compact,27,test,2025-11-17 00:00:00+00:00,0,0.27136775851249695
Transformer compact,27,test,2025-11-24 00:00:00+00:00,0,0.26497378945350647
Transformer compact,27,test,2025-12-01 00:00:00+00:00,0,0.24887299537658691
Transformer compact,27,test,2025-12-08 00:00:00+00:00,1,0.24441397190093994
Transformer compact,27,test,2025-12-15 00:00:00+00:00,0,0.2612517476081848
Transformer compact,27,test,2025-12-22 00:00:00+00:00,0,0.24667561054229736
